filename,temperature,humidity,soil_type,label
0022d6b7-d47c-4ee2-ae9a-392a53f48647___JR_B.Spot 8964.JPG,28.4,46.3,1,Pepper__bell___Bacterial_spot
006adb74-934f-448f-a14f-62181742127b___JR_B.Spot 3395.JPG,28.2,86.1,1,Pepper__bell___Bacterial_spot
00f2e69a-1e56-412d-8a79-fdce794a17e4___JR_B.Spot 3132.JPG,27.9,67.9,2,Pepper__bell___Bacterial_spot
01613cd0-d3cd-4e96-945c-a312002037bf___JR_B.Spot 3262.JPG,30.3,71.9,2,Pepper__bell___Bacterial_spot
0169b9ac-07b9-4be1-8b85-da94481f05a4___NREC_B.Spot 9169.JPG,31.5,54.4,2,Pepper__bell___Bacterial_spot
018e494e-d2eb-468b-9d02-40219d9f4921___JR_B.Spot 9045.JPG,21.1,64.4,2,Pepper__bell___Bacterial_spot
01940b6d-7dea-4889-a7b8-a35f4e9bba34___NREC_B.Spot 9120.JPG,33.2,55.3,2,Pepper__bell___Bacterial_spot
01dfb88b-cd5a-420c-b163-51f5fe07b74d___JR_B.Spot 9091.JPG,24.1,80.2,2,Pepper__bell___Bacterial_spot
01ebc916-4793-40a3-b5e4-a32687e4fa3d___NREC_B.Spot 9125.JPG,23.3,67.3,1,Pepper__bell___Bacterial_spot
024623ab-be81-4d99-a653-c3be1495ce8e___JR_B.Spot 8889.JPG,21.5,47.6,1,Pepper__bell___Bacterial_spot
02baf62e-11e2-4dde-97fb-e369b57d55d3___JR_B.Spot 8971.JPG,28.8,46.9,3,Pepper__bell___Bacterial_spot
032aa7c4-0a95-4f09-b0bb-1242f4f32d82___NREC_B.Spot 1889.JPG,27.0,64.5,1,Pepper__bell___Bacterial_spot
03bb7042-3fd5-42e1-aa2c-d51d6843704c___JR_B.Spot 8925.JPG,22.7,56.0,2,Pepper__bell___Bacterial_spot
0448a226-3d3a-494d-a026-a92b048689c7___JR_B.Spot 8897.JPG,31.5,62.8,1,Pepper__bell___Bacterial_spot
0495b4d4-66a4-438c-862d-c483f08e4a95___JR_B.Spot 3288.JPG,30.8,55.6,2,Pepper__bell___Bacterial_spot
04d46cfb-9cc8-4083-82af-ca2bb57c8182___NREC_B.Spot 1814.JPG,34.5,45.5,3,Pepper__bell___Bacterial_spot
05287bcb-610b-440f-9337-c4ce98bc3bbe___JR_B.Spot 3327.JPG,29.4,49.3,1,Pepper__bell___Bacterial_spot
0558ff5a-45c7-4ea0-9479-3f71f0048208___JR_B.Spot 3183.JPG,29.7,59.4,2,Pepper__bell___Bacterial_spot
055a84c4-8286-4b44-816a-66b82d3bd4bc___NREC_B.Spot 9105.JPG,25.0,70.8,2,Pepper__bell___Bacterial_spot
0576dd21-3958-46a5-ab99-f9865371bd1a___NREC_B.Spot 1957.JPG,23.4,61.3,1,Pepper__bell___Bacterial_spot
05af15b5-fbda-4dab-a4ba-c783d531d24d___JR_B.Spot 3150.JPG,26.1,86.2,3,Pepper__bell___Bacterial_spot
05c6ea65-cce4-43da-b57b-a45321b0e51b___NREC_B.Spot 9048.JPG,32.2,59.3,2,Pepper__bell___Bacterial_spot
0694ee73-2dbc-4583-9d2d-2b053ef0475b___NREC_B.Spot 1798.JPG,20.1,46.8,1,Pepper__bell___Bacterial_spot
06d752a4-d4a5-439e-b374-231a2cc64032___NREC_B.Spot 1868.JPG,32.7,45.7,3,Pepper__bell___Bacterial_spot
0705b53e-4c54-4fce-9bc0-833db0619f3d___JR_B.Spot 9068.JPG,28.8,64.3,3,Pepper__bell___Bacterial_spot
0719e8e8-c1ae-4d5a-b29c-dbadc36d13f3___NREC_B.Spot 1947.JPG,31.1,77.4,2,Pepper__bell___Bacterial_spot
0726c166-3471-41a8-8fe6-18600e89e802___NREC_B.Spot 1812.JPG,23.6,74.8,3,Pepper__bell___Bacterial_spot
080b107a-192f-40ce-8942-d8ccca8dfc52___NREC_B.Spot 1872.JPG,29.0,80.1,3,Pepper__bell___Bacterial_spot
08485974-1e38-4e34-b296-fadd9cc26942___NREC_B.Spot 9193.JPG,25.3,65.4,2,Pepper__bell___Bacterial_spot
09035eae-2a1c-4718-8877-5270a1fe8462___JR_B.Spot 3280.JPG,23.1,85.8,1,Pepper__bell___Bacterial_spot
0915c9a9-25b0-4728-be01-86e5cecb57df___NREC_B.Spot 1816.JPG,22.6,56.0,2,Pepper__bell___Bacterial_spot
092b3e29-d29a-482f-9207-3cd5fbed6710___JR_B.Spot 3238.JPG,27.4,85.8,2,Pepper__bell___Bacterial_spot
09ae534a-e931-4f83-8545-cf330dfebae9___NREC_B.Spot 9210.JPG,27.6,69.8,1,Pepper__bell___Bacterial_spot
0a0dbf1f-1131-496f-b337-169ec6693e6f___NREC_B.Spot 9241.JPG,34.4,81.0,2,Pepper__bell___Bacterial_spot
0a4c007d-41ab-4659-99cb-8a4ae4d07a55___NREC_B.Spot 1954.JPG,33.1,61.4,2,Pepper__bell___Bacterial_spot
0a9cfb27-280e-475a-bbb4-8eeaeff38b8c___NREC_B.Spot 9177.JPG,24.5,41.2,2,Pepper__bell___Bacterial_spot
0abffc81-6be8-4b17-a83c-4d2830e30382___JR_B.Spot 9076.JPG,33.5,63.0,3,Pepper__bell___Bacterial_spot
0b27c03f-b3bc-4d96-9b76-6fbd779404b9___NREC_B.Spot 1799.JPG,21.2,77.8,2,Pepper__bell___Bacterial_spot
0b47ce18-7cfe-45e8-b21e-b83cb6282455___JR_B.Spot 3162.JPG,26.6,62.7,3,Pepper__bell___Bacterial_spot
0bd0f439-013b-40ed-a6d1-4e67e971d437___JR_B.Spot 3272.JPG,32.5,52.4,1,Pepper__bell___Bacterial_spot
0c1eb1fd-9e3a-4396-81bc-7d1d3eccc5ed___JR_B.Spot 3369.JPG,23.7,58.9,3,Pepper__bell___Bacterial_spot
0c2392f6-3e69-4baf-b9f3-197623f6631a___JR_B.Spot 3176.JPG,34.4,51.8,2,Pepper__bell___Bacterial_spot
0c4e75b2-e4aa-437e-815c-636271d66bec___JR_B.Spot 3244.JPG,23.6,42.4,2,Pepper__bell___Bacterial_spot
0c6f6805-490e-438c-b9cd-3fd7ee29f31b___NREC_B.Spot 9123.JPG,32.7,82.9,2,Pepper__bell___Bacterial_spot
0c99cb45-b4e0-4ade-bba5-fab3b678f0bb___JR_B.Spot 8912.JPG,30.1,89.8,2,Pepper__bell___Bacterial_spot
0ce74db6-be9b-4c43-a104-6a3f9bcd2de2___NREC_B.Spot 1827.JPG,31.1,81.6,3,Pepper__bell___Bacterial_spot
0d2635e7-df23-4ceb-b3ba-3af50bb58357___NREC_B.Spot 1874.JPG,29.7,84.6,3,Pepper__bell___Bacterial_spot
0d524d59-fb02-481b-9034-64f1de0da914___NREC_B.Spot 9060.JPG,30.3,65.6,1,Pepper__bell___Bacterial_spot
0d8421cd-eebc-4018-b591-12352dd970a7___JR_B.Spot 3234.JPG,34.6,84.5,3,Pepper__bell___Bacterial_spot
0d8445ac-6333-42b0-bf32-950a2dd83908___NREC_B.Spot 1862.JPG,28.0,70.2,3,Pepper__bell___Bacterial_spot
00100ffa-095e-4881-aebf-61fe5af7226e___JR_HL 7886.JPG,32.0,58.9,2,Pepper__bell___healthy
00208a93-7687-4e8c-b79e-3138687e0f38___JR_HL 7955.JPG,25.8,80.3,2,Pepper__bell___healthy
002f87b7-e1a5-49e5-a422-bb423630ded5___JR_HL 8068.JPG,22.5,88.9,1,Pepper__bell___healthy
00726ad4-2569-46ce-9d4e-dbf82b14bd94___JR_HL 8686.JPG,24.8,63.9,1,Pepper__bell___healthy
0119205b-cfac-4322-be37-dcc401fcfa11___JR_HL 8527.JPG,30.2,76.0,2,Pepper__bell___healthy
0137d804-551d-4f78-88b4-d603056dd7e7___JR_HL 7719.JPG,29.3,41.3,1,Pepper__bell___healthy
01468dda-44f3-4de8-8aed-948bcc29b719___JR_HL 8704.JPG,31.6,60.0,3,Pepper__bell___healthy
01482fdd-5dfd-4190-bbc0-6189a3161fae___JR_HL 7983.JPG,27.5,75.4,3,Pepper__bell___healthy
016c8a9f-8eab-41b2-bb4b-0eb6ed0b2a7d___JR_HL 8591.JPG,27.1,68.1,1,Pepper__bell___healthy
016ed5ad-be29-4e9d-8ae5-069a016b1327___JR_HL 8536.JPG,25.3,46.4,2,Pepper__bell___healthy
01d03cb9-4505-458c-a6dc-648dedccd71a___JR_HL 8474.JPG,34.2,43.6,1,Pepper__bell___healthy
01dd93b0-0e34-447b-87ea-ccc9f2b62d03___JR_HL 8005.JPG,23.4,57.7,1,Pepper__bell___healthy
01fbd010-0cc1-4c48-98bc-49e328bf9bbc___JR_HL 8584.JPG,25.0,50.2,3,Pepper__bell___healthy
023563f1-a71a-433d-aefc-d6c7aef8e9eb___JR_HL 8067.JPG,23.4,77.2,3,Pepper__bell___healthy
023f9133-6194-41d5-b4b0-e82821bda698___JR_HL 5884.JPG,27.2,75.5,3,Pepper__bell___healthy
02a7d2e5-9169-4856-9683-d4fa9894e012___JR_HL 8002.JPG,31.0,42.2,1,Pepper__bell___healthy
030eee8e-5db2-4596-8ebc-6ab9b2fec504___JR_HL 5993.JPG,27.7,82.0,2,Pepper__bell___healthy
03138bf7-1441-4df8-88a2-7e71b84f6bf0___JR_HL 5823.JPG,26.7,62.1,2,Pepper__bell___healthy
031f6e91-afc0-48c2-8989-a2ce770549d5___JR_HL 7911.JPG,31.6,47.7,3,Pepper__bell___healthy
03396fd1-be05-40a7-81b2-67000e77d479___JR_HL 8721.JPG,33.6,48.4,1,Pepper__bell___healthy
0354e474-d930-4098-97f8-0acee01817ea___JR_HL 7623.JPG,20.3,70.7,1,Pepper__bell___healthy
035746b5-cbe6-4e5d-9c3a-4bfc5c6cf5a1___JR_HL 7728.JPG,29.6,52.5,3,Pepper__bell___healthy
0367e017-cabb-41e5-9777-79b3c7c9177a___JR_HL 7814.JPG,21.8,50.5,3,Pepper__bell___healthy
036a4558-093c-4317-a9df-742fdfef335a___JR_HL 8310.JPG,25.9,55.3,1,Pepper__bell___healthy
0371d114-2c42-40c5-b2cd-acf2072520e2___JR_HL 7914.JPG,25.5,64.5,1,Pepper__bell___healthy
0379e766-3bb9-4d00-8600-7d818a4b2ebf___JR_HL 7769.JPG,33.1,79.0,1,Pepper__bell___healthy
03a4f6f6-9c17-4310-921b-5dbf97df630a___JR_HL 8571.JPG,30.8,60.2,3,Pepper__bell___healthy
03ab4bf1-bae1-4031-ac4d-14e43a29c397___JR_HL 8013.JPG,24.1,73.0,1,Pepper__bell___healthy
03c966a7-ac9e-4c8e-965a-6c0e7289a0e8___JR_HL 8509.JPG,24.9,89.1,2,Pepper__bell___healthy
03e8ce3f-9bb5-481c-945b-1fa7d5da09e3___JR_HL 7583.JPG,34.5,84.8,2,Pepper__bell___healthy
040fbd7e-faad-4005-8a4d-0d00b824611a___JR_HL 7754.JPG,34.8,66.5,1,Pepper__bell___healthy
0414429e-4295-4216-b2ed-96b21cb35928___JR_HL 8250.JPG,32.9,63.4,1,Pepper__bell___healthy
05208d8a-786d-4e34-86ee-be778d467355___JR_HL 8438.JPG,22.4,85.0,3,Pepper__bell___healthy
058832c8-adaa-4353-b792-93c9b0ea1c72___JR_HL 5931.JPG,32.4,42.8,3,Pepper__bell___healthy
05f73b75-e898-4752-9c9b-ae745994eb01___JR_HL 8801.JPG,27.7,81.1,3,Pepper__bell___healthy
0605e8af-6f30-4a88-b8b1-277904ecef7a___JR_HL 8822.JPG,30.0,78.5,2,Pepper__bell___healthy
0691ea32-a88a-4487-a92c-1159140ff880___JR_HL 7694.JPG,24.9,69.3,2,Pepper__bell___healthy
06ae69f3-53f7-4ad8-b6b0-185dd26b2fc0___JR_HL 7971.JPG,29.2,75.8,3,Pepper__bell___healthy
06f73502-5694-494a-b3cd-d4bf7bf75172___JR_HL 7692.JPG,23.9,81.1,1,Pepper__bell___healthy
075e9bdc-4921-440b-948d-83f30151317c___JR_HL 7958.JPG,21.7,86.5,3,Pepper__bell___healthy
0760194c-efdd-4065-babb-a12f3b7881a6___JR_HL 7591.JPG,26.2,75.0,3,Pepper__bell___healthy
07aae897-44cd-4a0c-9471-1bd6234135b0___JR_HL 8745.JPG,27.1,86.2,3,Pepper__bell___healthy
07eda9a1-8f8a-471b-b3c6-9093c3d6ca90___JR_HL 8177.JPG,34.4,46.9,3,Pepper__bell___healthy
07f381f7-bc63-4e41-8bcc-6c5954a14c03___JR_HL 8326.JPG,22.2,45.2,3,Pepper__bell___healthy
08203033-de6c-41fc-b5d2-ea5d3ac9da4f___JR_HL 5854.JPG,30.2,45.0,2,Pepper__bell___healthy
084a1485-7006-4277-bd4f-5b9e766cfd24___JR_HL 7892.JPG,28.6,70.0,2,Pepper__bell___healthy
08881481-53d5-412c-8d65-13c4edc6e3c1___JR_HL 8166.JPG,22.2,49.4,2,Pepper__bell___healthy
088fa58f-14a5-476b-b0d6-e2a2d8a1dd2a___JR_HL 7643.JPG,26.2,81.7,1,Pepper__bell___healthy
08945f1c-9204-48d6-a5b4-bece52a18909___JR_HL 8056.JPG,31.6,57.3,1,Pepper__bell___healthy
08af8792-fca1-451c-bf59-51cdd9d8b7e6___JR_HL 7740.JPG,34.4,83.2,2,Pepper__bell___healthy
Pepper__bell___Bacterial_spot,27.0,41.3,2,PlantVillage
Pepper__bell___healthy,30.6,79.8,1,PlantVillage
Potato___Early_blight,29.0,46.4,3,PlantVillage
Potato___healthy,24.0,47.9,3,PlantVillage
Potato___Late_blight,28.6,60.6,1,PlantVillage
Tomato_Bacterial_spot,27.0,69.9,3,PlantVillage
Tomato_Early_blight,28.9,43.8,1,PlantVillage
Tomato_healthy,27.2,85.2,1,PlantVillage
Tomato_Late_blight,26.1,70.6,2,PlantVillage
Tomato_Leaf_Mold,32.5,62.4,3,PlantVillage
Tomato_Septoria_leaf_spot,21.1,79.7,1,PlantVillage
Tomato_Spider_mites_Two_spotted_spider_mite,23.4,71.0,2,PlantVillage
Tomato__Target_Spot,22.0,78.0,2,PlantVillage
Tomato__Tomato_mosaic_virus,21.6,89.2,2,PlantVillage
Tomato__Tomato_YellowLeaf__Curl_Virus,21.5,77.5,1,PlantVillage
001187a0-57ab-4329-baff-e7246a9edeb0___RS_Early.B 8178.JPG,20.5,88.0,3,Potato___Early_blight
002a55fb-7a3d-4a3a-aca8-ce2d5ebc6925___RS_Early.B 8170.JPG,24.5,40.6,3,Potato___Early_blight
009c8c31-f22d-4ffd-8f16-189c6f06c577___RS_Early.B 7885.JPG,29.9,60.5,1,Potato___Early_blight
00d8f10f-5038-4e0f-bb58-0b885ddc0cc5___RS_Early.B 8722.JPG,23.2,62.3,3,Potato___Early_blight
0182e991-97f0-4805-a1f7-6e1b4306d518___RS_Early.B 7015.JPG,25.7,49.8,3,Potato___Early_blight
02578b86-b234-4ac0-9bc3-691b5610e2bf___RS_Early.B 7562.JPG,26.3,64.6,2,Potato___Early_blight
0267d4ca-522e-4ca0-b1a2-ce925e5b54a2___RS_Early.B 7020.JPG,21.3,56.5,3,Potato___Early_blight
028f9b73-142f-499a-9c7b-d7c1ed5e5506___RS_Early.B 8546.JPG,34.7,63.0,2,Potato___Early_blight
034959c1-f1e8-4a79-a6d5-3c1d14efa2f3___RS_Early.B 7136.JPG,22.7,83.2,2,Potato___Early_blight
03b0d3c1-b5b0-48f4-98aa-f8904670290f___RS_Early.B 7051.JPG,20.9,66.2,1,Potato___Early_blight
042135e2-e126-4900-9212-d42d900b8125___RS_Early.B 8791.JPG,30.6,82.4,3,Potato___Early_blight
044c3abc-0bc9-45fb-8fd5-094aeb605f90___RS_Early.B 8044.JPG,27.4,55.7,2,Potato___Early_blight
048d18ae-98b1-484d-97da-5a0e69b9ebc1___RS_Early.B 6845.JPG,22.0,85.8,1,Potato___Early_blight
04c8e6b9-7710-4cdd-b259-2d78b15d1036___RS_Early.B 7066.JPG,26.7,48.9,1,Potato___Early_blight
04ee51b6-07e2-4182-84f8-46b22c8938a2___RS_Early.B 8091.JPG,33.8,83.4,2,Potato___Early_blight
04fd2a46-ddd4-4b0b-8f19-5ecca482a7d5___RS_Early.B 7273.JPG,20.4,85.8,3,Potato___Early_blight
05c35093-11b8-4cd0-b67a-148859754440___RS_Early.B 8939.JPG,31.4,88.1,2,Potato___Early_blight
0604174e-3018-4faa-9975-0be32d2c0789___RS_Early.B 7123.JPG,29.8,61.8,1,Potato___Early_blight
060fd5a7-1606-4a59-895b-604c90d6b414___RS_Early.B 7205.JPG,33.3,81.1,3,Potato___Early_blight
065fc68f-88c9-4fc3-b0a6-a6f5e1072eaa___RS_Early.B 7174.JPG,32.7,76.9,1,Potato___Early_blight
06ac6596-8d65-46dd-a343-a2209f3480e4___RS_Early.B 6921.JPG,31.5,43.8,2,Potato___Early_blight
06d9fcc9-4eea-4736-8392-5e483e2e948d___RS_Early.B 7411.JPG,29.3,42.0,2,Potato___Early_blight
07953ca1-8935-449f-b338-4357ed683b2d___RS_Early.B 6815.JPG,24.6,80.8,1,Potato___Early_blight
07baabd8-e118-47dd-9d8d-132d4347836a___RS_Early.B 8555.JPG,27.2,58.0,3,Potato___Early_blight
07d777f8-2c5a-48da-935e-f17c572b1e6e___RS_Early.B 7880.JPG,20.4,55.7,3,Potato___Early_blight
08029ccc-387e-4be6-9389-04f7b82fdb2a___RS_Early.B 9130.JPG,24.8,56.5,3,Potato___Early_blight
08194ca3-f0b2-4aaa-8df8-5ec5ddc6696a___RS_Early.B 8151.JPG,30.7,60.1,3,Potato___Early_blight
08392b44-ecc6-4f38-8566-361b552cfe21___RS_Early.B 7393.JPG,29.1,60.4,3,Potato___Early_blight
0898bffc-57aa-4fdb-92d1-fd6a03d2a011___RS_Early.B 6946.JPG,20.7,81.4,1,Potato___Early_blight
089fb289-4bea-48b6-a29a-3a1d268d9dd3___RS_Early.B 8081.JPG,24.7,48.5,2,Potato___Early_blight
08a892eb-19cc-45ea-babc-181b98f89238___RS_Early.B 7367.JPG,26.8,46.3,1,Potato___Early_blight
08bbd7f1-169d-4e38-946f-8d91589b263e___RS_Early.B 7106.JPG,30.0,55.5,1,Potato___Early_blight
08cf1add-91f8-41ea-bc13-54e7d1cb6da0___RS_Early.B 6865.JPG,20.0,55.0,1,Potato___Early_blight
094fbf4c-da00-4037-82af-03e712d8db47___RS_Early.B 6908.JPG,22.0,77.7,2,Potato___Early_blight
096a2c48-104c-4570-9e34-8dd60aa5ebcf___RS_Early.B 6979.JPG,28.9,49.2,2,Potato___Early_blight
096f6928-24dd-4efd-acc6-b8246318676c___RS_Early.B 8970.JPG,28.8,57.0,3,Potato___Early_blight
09ab9573-90d5-4001-9b74-14551935deef___RS_Early.B 7603.JPG,29.1,61.9,2,Potato___Early_blight
0a0744dc-8486-4fbb-a44b-4d63e6db6197___RS_Early.B 7575.JPG,22.7,54.5,2,Potato___Early_blight
0a47f32c-1724-4c8d-bfe4-986cedd3587b___RS_Early.B 8001.JPG,21.1,78.1,2,Potato___Early_blight
0a6983a5-895e-4e68-9edb-88adf79211e9___RS_Early.B 9072.JPG,29.6,71.7,2,Potato___Early_blight
0a79700b-f834-41f5-ae51-6ceda6f67a48___RS_Early.B 8951.JPG,34.5,84.1,1,Potato___Early_blight
0a8a68ee-f587-4dea-beec-79d02e7d3fa4___RS_Early.B 8461.JPG,26.3,65.4,3,Potato___Early_blight
0ad3ba53-f01b-403b-a99d-5991eed85045___RS_Early.B 7600.JPG,25.2,86.0,1,Potato___Early_blight
0bbb8bce-2020-416b-8bd6-c160c2db9921___RS_Early.B 8386.JPG,23.8,86.1,3,Potato___Early_blight
0c4f6f72-c7a2-42e1-9671-41ab3bf37fe7___RS_Early.B 6752.JPG,23.2,84.4,2,Potato___Early_blight
0c5b14d9-8b1c-4c39-bb23-1835b5760caa___RS_Early.B 7937.JPG,24.4,57.4,2,Potato___Early_blight
0caf6a39-3f5f-4201-a4d7-3ea35fdf1303___RS_Early.B 6762.JPG,34.3,68.7,1,Potato___Early_blight
0d2325ff-4e3e-44bf-9614-e5ad6c23fc16___RS_Early.B 6797.JPG,24.6,88.9,1,Potato___Early_blight
0d2e2971-f1c9-4278-b35c-91dd8a22a64d___RS_Early.B 7581.JPG,34.3,48.1,3,Potato___Early_blight
0d987d4a-26bc-4f74-8a16-12f8969dfed8___RS_Early.B 7013.JPG,30.8,69.3,3,Potato___Early_blight
00fc2ee5-729f-4757-8aeb-65c3355874f2___RS_HL 1864.JPG,21.8,43.6,1,Potato___healthy
03da9931-e514-4cc7-b04a-8f474a133ce5___RS_HL 1830.JPG,28.8,43.0,3,Potato___healthy
04481ca2-f94c-457e-b785-1ac05800b7ec___RS_HL 1930.JPG,23.3,44.1,3,Potato___healthy
046641c1-f837-49eb-b5f2-4109910a027c___RS_HL 1878.JPG,20.9,40.2,1,Potato___healthy
07dfb451-4378-49d1-b699-33a5fc49ff07___RS_HL 5399.JPG,32.9,66.9,2,Potato___healthy
0b3e5032-8ae8-49ac-8157-a1cac3df01dd___RS_HL 1817.JPG,32.3,62.7,1,Potato___healthy
0be9d721-82f5-42c3-b535-7494afe01dbe___RS_HL 1814.JPG,22.7,57.8,2,Potato___healthy
0f4ebc5a-d646-436a-919d-961342997cde___RS_HL 4183.JPG,32.3,79.8,1,Potato___healthy
1106c3fc-92cb-41a6-a6c6-8f08b9b45108___RS_HL 1914.JPG,26.7,88.3,2,Potato___healthy
111cd9d8-4d27-4225-be9e-d29b21cf56b9___RS_HL 5419.JPG,22.1,44.6,3,Potato___healthy
142fb983-2166-4a0f-b99b-a6c21e99987e___RS_HL 5398.JPG,32.4,57.0,3,Potato___healthy
14484ea5-9c34-427c-abe4-2743265aced0___RS_HL 4204.JPG,26.6,73.4,1,Potato___healthy
144d2475-21ab-4bdc-a67c-9672a9b711e6___RS_HL 5376.JPG,20.1,85.6,3,Potato___healthy
163ada72-4288-4f85-a3c1-feed23c8d1de___RS_HL 1940.JPG,24.7,53.5,3,Potato___healthy
170f1f57-0fd4-421f-9c82-3b1804be63ad___RS_HL 1771.JPG,21.6,57.1,3,Potato___healthy
1a1184f8-c414-4ead-a4c4-41ae78e29a82___RS_HL 1971.JPG,23.6,68.6,1,Potato___healthy
1ae826e2-5148-47bd-a44c-711ec9cc9c75___RS_HL 1954.JPG,29.0,41.4,1,Potato___healthy
1b434c52-7be4-40c4-90d5-13220f1a3eba___RS_HL 5418.JPG,34.5,75.1,2,Potato___healthy
1dcfeaa9-006d-470c-b3e5-d67609d07d4e___RS_HL 1808.JPG,26.3,64.9,3,Potato___healthy
1f9870b3-899e-46fb-98c9-cfc2ce92895b___RS_HL 1816.JPG,23.9,41.4,3,Potato___healthy
20ac28d6-5708-4e31-8676-1b1979de094f___RS_HL 1735.JPG,20.0,75.1,3,Potato___healthy
22322780-95b4-4b45-b626-26b22965d55e___RS_HL 1880.JPG,23.3,45.4,3,Potato___healthy
23f1ab77-d664-49c4-92eb-41eb66c6d101___RS_HL 4169.JPG,30.0,86.0,2,Potato___healthy
23f4d3b1-23f4-43fb-96c2-dae37224ec74___RS_HL 1803.JPG,29.5,57.0,3,Potato___healthy
2ccb9ee9-faac-4d32-9af5-29497fa2e028___RS_HL 1837.JPG,27.5,41.8,3,Potato___healthy
2d98cbc8-cbe6-423c-b2ab-3f7f8bcea5d5___RS_HL 1945.JPG,33.5,40.0,1,Potato___healthy
2dee1571-ef6b-40ef-8c46-334e89aad3f1___RS_HL 1950.JPG,29.1,67.6,3,Potato___healthy
2e0b8b4b-e900-408b-b760-730690bbd382___RS_HL 1901.JPG,28.1,51.1,1,Potato___healthy
30126310-39de-4c02-b10a-23409417a4f6___RS_HL 1826.JPG,27.5,84.7,2,Potato___healthy
30937333-8898-4634-8c00-af57d3020ba6___RS_HL 1922.JPG,25.6,87.0,2,Potato___healthy
31a09d39-6791-4ecb-8f44-af2ed85dbd33___RS_HL 1970.JPG,31.0,58.3,1,Potato___healthy
369479a9-3c28-4d77-8731-9ae54e719af3___RS_HL 1785.JPG,24.9,69.7,1,Potato___healthy
36bdc44c-96a4-40bb-86f7-63a91d706e96___RS_HL 4203.JPG,30.5,75.3,1,Potato___healthy
38faf81d-c83b-42ca-b4c3-e3bbfa070589___RS_HL 1805.JPG,30.4,87.9,1,Potato___healthy
3a00204c-5e53-4e5d-95a6-f8819031744e___RS_HL 5420.JPG,28.8,41.4,3,Potato___healthy
3a1dbeee-089c-43f0-8f51-a92d3687a515___RS_HL 1754.JPG,23.2,58.4,3,Potato___healthy
3c0d6888-c7e1-4cf8-9c25-9a0b8c62ba72___RS_HL 1780.JPG,22.7,73.3,1,Potato___healthy
3edf7c3f-73e0-439c-870d-76cfd7c3bc45___RS_HL 1859.JPG,24.6,57.5,2,Potato___healthy
3f369e63-81eb-4194-a145-df9ed91abc5d___RS_HL 1745.JPG,23.1,40.8,1,Potato___healthy
413bc2e9-eb2a-48fd-ba65-48b5121fd85c___RS_HL 4200.JPG,25.0,70.6,2,Potato___healthy
414f6249-9f78-4af5-9593-9d5a7e7d979f___RS_HL 1918.JPG,21.0,76.0,3,Potato___healthy
415ac4a2-8f16-4052-880e-1e1f208965f0___RS_HL 1884.JPG,21.4,83.8,3,Potato___healthy
43fd6ace-3712-494a-9aba-de5482d22561___RS_HL 1968.JPG,33.9,40.3,3,Potato___healthy
45bc0b37-ca59-4a89-8531-705af42a6fd5___RS_HL 1946.JPG,24.6,52.0,2,Potato___healthy
468d3107-f09a-4f0d-8b9d-f08d7c49738f___RS_HL 1747.JPG,21.5,88.2,2,Potato___healthy
46b2555a-c0a6-48c2-af13-0816e147e4de___RS_HL 1943.JPG,32.9,66.4,2,Potato___healthy
4a08efaa-28cc-4356-8769-4002f4b299ef___RS_HL 1850.JPG,29.8,56.4,1,Potato___healthy
4ae82355-6885-40e7-9807-dabe46ed3441___RS_HL 5410.JPG,20.0,65.3,2,Potato___healthy
4bbccfb6-5720-4c80-9b37-0c3ed8999c9f___RS_HL 1791.JPG,23.5,41.3,2,Potato___healthy
51a03694-82cd-43a5-9877-ddce42c1a5ad___RS_HL 1779.JPG,33.4,42.5,3,Potato___healthy
0051e5e8-d1c4-4a84-bf3a-a426cdad6285___RS_LB 4640.JPG,34.6,77.2,2,Potato___Late_blight
00695906-210d-4a9d-822e-986a17384115___RS_LB 4026.JPG,29.4,68.5,2,Potato___Late_blight
006cc01a-1888-4326-9b62-a65cb55a6377___RS_LB 5207.JPG,30.1,46.0,3,Potato___Late_blight
0085ef03-aec3-431a-99a1-de286e10c0cf___RS_LB 2949.JPG,28.7,52.0,2,Potato___Late_blight
00b1f292-23dd-44d4-aad3-c1ffb6a6ad5a___RS_LB 4479.JPG,33.3,83.9,3,Potato___Late_blight
0114b195-844c-4978-93a9-b0d5aae010f1___RS_LB 2738.JPG,20.7,58.7,1,Potato___Late_blight
01270f5c-a44b-4da7-9398-289088c197ab___RS_LB 2517.JPG,33.3,50.6,1,Potato___Late_blight
01a8cc9f-074a-4866-87c8-bb5a9e3895b4___RS_LB 2968.JPG,25.7,68.2,2,Potato___Late_blight
01ad74ce-eb28-42c7-9204-778d17cfd45c___RS_LB 2669.JPG,27.7,86.9,1,Potato___Late_blight
0201bf8e-27e3-4c92-ae97-2fb4f665b5d3___RS_LB 4320.JPG,20.6,51.6,3,Potato___Late_blight
02212653-e92b-49aa-96b7-9497af51e502___RS_LB 3151.JPG,26.4,72.7,1,Potato___Late_blight
02282fee-ba3f-460e-91e0-630204ab96c2___RS_LB 5031.JPG,20.5,73.6,3,Potato___Late_blight
025f3c76-6d6c-4dad-ba22-e3e72d084ef1___RS_LB 3105.JPG,32.2,69.3,2,Potato___Late_blight
02c8ff21-4e0a-4326-ba8f-089e5cb45b74___RS_LB 4089.JPG,20.3,69.6,2,Potato___Late_blight
030e8945-d3ce-4ad3-8a91-a14c18285249___RS_LB 2532.JPG,24.5,41.9,2,Potato___Late_blight
031672c9-bf0a-46bf-8b52-d7cdc067612e___RS_LB 5019.JPG,29.4,59.1,3,Potato___Late_blight
031c39d3-9a91-4e81-85ac-b36512133b0a___RS_LB 5220.JPG,25.6,66.4,2,Potato___Late_blight
034a54f1-e3e9-4524-a318-9d253d9f1394___RS_LB 2893.JPG,26.1,59.7,1,Potato___Late_blight
0396e413-e165-427a-ba72-04cbae7b8ab0___RS_LB 4751.JPG,20.9,45.5,2,Potato___Late_blight
03bab48b-962b-4c08-bc98-da95237d20ac___RS_LB 3190.JPG,22.8,69.9,3,Potato___Late_blight
0441138d-5f9f-4ede-ab9a-49edabc605b3___RS_LB 4235.JPG,30.6,62.6,2,Potato___Late_blight
0450570b-44d1-4290-956d-5d970164a2e2___RS_LB 5160.JPG,24.9,80.0,2,Potato___Late_blight
04b964fd-7033-4cdf-88ef-b1acbcd8183a___RS_LB 2783.JPG,20.2,77.5,3,Potato___Late_blight
04bbcc55-93d3-4a19-9137-8de036a8a4db___RS_LB 2647.JPG,25.1,73.6,3,Potato___Late_blight
04ce7b2d-5e41-43c6-9e11-e1bc4f5e4cca___RS_LB 3224.JPG,25.3,86.5,3,Potato___Late_blight
04fe5855-ec9c-40b3-9893-ca8addc236bd___RS_LB 4913.JPG,30.0,83.5,3,Potato___Late_blight
050b6d37-4056-4c6c-8359-d7823a488531___RS_LB 3944.JPG,32.4,44.3,2,Potato___Late_blight
051089cf-e083-4fdb-9256-aac12b8a55d2___RS_LB 4078.JPG,23.9,65.3,2,Potato___Late_blight
0525ac6e-1d1f-4866-89bd-af4b8ba9c46b___RS_LB 4814.JPG,24.9,74.5,2,Potato___Late_blight
053c5330-129d-4515-84da-82a701710723___RS_LB 4576.JPG,22.3,63.4,3,Potato___Late_blight
05817623-2c4e-4517-88a1-fe81b9a73742___RS_LB 3920.JPG,33.1,42.5,3,Potato___Late_blight
059c9129-51b7-4d6b-9b57-f22e87568a0a___RS_LB 5118.JPG,32.1,52.6,3,Potato___Late_blight
05a51957-779c-4a2f-bf2a-d1fb03947793___RS_LB 4772.JPG,24.7,70.1,2,Potato___Late_blight
05c29b23-ecdf-41fc-be67-910bb74cd67c___RS_LB 4016.JPG,34.3,77.5,2,Potato___Late_blight
0651be8e-a2d1-4b8a-97b8-1dc89d79fd26___RS_LB 3261.JPG,28.0,87.7,2,Potato___Late_blight
06554e38-28ce-429d-b8e9-520e61e3c58f___RS_LB 2692.JPG,32.5,43.6,2,Potato___Late_blight
0736dad0-be93-484b-9e89-bcb825fefda1___RS_LB 5454.JPG,22.0,43.7,1,Potato___Late_blight
073a7489-b8dd-4efc-8393-7f024fe8542a___RS_LB 2617.JPG,32.6,59.6,3,Potato___Late_blight
07fea080-7f6b-48e9-b6b5-10d7daf57610___RS_LB 3210.JPG,31.7,65.0,3,Potato___Late_blight
07ff77ae-07b4-4a2d-9c4a-bb89bb4fb1ef___RS_LB 2985.JPG,28.5,59.2,1,Potato___Late_blight
08ce9666-2dda-4fa8-8d58-55bb9fa19484___RS_LB 3318.JPG,29.2,48.8,1,Potato___Late_blight
08ddae0c-5328-4183-b16e-c980f197e471___RS_LB 2845.JPG,24.9,76.4,3,Potato___Late_blight
09287918-9f73-4707-823f-f4331f5114a3___RS_LB 2604.JPG,25.5,78.8,2,Potato___Late_blight
09a215a1-a539-4635-a27f-232229ff11f4___RS_LB 4529.JPG,22.8,72.3,3,Potato___Late_blight
09a30eff-d386-456d-a6ce-ead7c0d6235b___RS_LB 5068.JPG,34.0,41.5,3,Potato___Late_blight
09fa42e4-1736-494e-8c46-50c6900586d6___RS_LB 5212.JPG,20.2,80.7,3,Potato___Late_blight
0acdc2b2-0dde-4073-8542-6fca275ab974___RS_LB 4857.JPG,25.7,84.3,1,Potato___Late_blight
0b092cda-db8c-489d-8c46-23ac3835310d___RS_LB 4480.JPG,34.9,79.7,1,Potato___Late_blight
0b2bdc8e-90fd-4bb4-bedb-485502fe8a96___RS_LB 4906.JPG,27.9,70.9,2,Potato___Late_blight
0c2628d4-8d64-48a9-a157-19a9c902e304___RS_LB 4590.JPG,24.7,69.8,1,Potato___Late_blight
00416648-be6e-4bd4-bc8d-82f43f8a7240___GCREC_Bact.Sp 3110.JPG,30.9,42.3,1,Tomato_Bacterial_spot
0045ba29-ed1b-43b4-afde-719cc7adefdb___GCREC_Bact.Sp 6254.JPG,29.8,71.3,2,Tomato_Bacterial_spot
00639d29-2d1a-4fcf-9bd3-a2b3109c74c4___UF.GRC_BS_Lab Leaf 1054.JPG,30.5,86.9,1,Tomato_Bacterial_spot
00728f4d-83a0-49f1-87f8-374646fcda05___GCREC_Bact.Sp 6326.JPG,30.0,49.0,3,Tomato_Bacterial_spot
00a7c269-3476-4d25-b744-44d6353cd921___GCREC_Bact.Sp 5807.JPG,29.4,88.7,3,Tomato_Bacterial_spot
00b7e89a-e129-4576-b51f-48923888bff9___GCREC_Bact.Sp 6202.JPG,26.2,49.2,1,Tomato_Bacterial_spot
01375198-62af-4c40-bddf-f3c11107200b___GCREC_Bact.Sp 5914.JPG,29.5,81.1,1,Tomato_Bacterial_spot
014b58ae-091b-408a-ab4a-5a780cd1c3f3___GCREC_Bact.Sp 2971.JPG,28.5,81.5,3,Tomato_Bacterial_spot
01a3cf3f-94c1-44d5-8972-8c509d62558e___GCREC_Bact.Sp 3396.JPG,26.8,63.8,3,Tomato_Bacterial_spot
01a46cb5-d354-4f59-868e-e56186701541___GCREC_Bact.Sp 5638.JPG,33.5,65.8,3,Tomato_Bacterial_spot
01d7f4fe-793f-4a9b-bc8b-8aa05200984f___GCREC_Bact.Sp 2984.JPG,24.5,65.3,1,Tomato_Bacterial_spot
01d9fc8d-5083-468d-a583-885f33517cdd___GCREC_Bact.Sp 3422.JPG,29.5,44.8,3,Tomato_Bacterial_spot
01e079ba-939a-4681-8983-db663f4a859b___GCREC_Bact.Sp 3029.JPG,21.3,52.0,1,Tomato_Bacterial_spot
01f13167-f508-4ef2-8720-4e973438f8fc___GCREC_Bact.Sp 5892.JPG,27.7,76.0,2,Tomato_Bacterial_spot
022e8a4a-9297-4de3-88a5-ee7aa46dd526___UF.GRC_BS_Lab Leaf 8682.JPG,27.8,51.0,3,Tomato_Bacterial_spot
02626a44-a613-4402-a6b0-243858736e32___GCREC_Bact.Sp 3191.JPG,24.5,42.5,3,Tomato_Bacterial_spot
0296e043-c805-47e4-bce5-b2326048ac67___GCREC_Bact.Sp 5680.JPG,30.6,85.6,3,Tomato_Bacterial_spot
02a0f70a-9e27-420e-93ff-6ed8105f41c1___GCREC_Bact.Sp 3570.JPG,28.6,83.8,1,Tomato_Bacterial_spot
02dfe58f-0ad1-4bf6-838a-e145978b1eed___GCREC_Bact.Sp 5841.JPG,25.9,77.2,3,Tomato_Bacterial_spot
02fd4e60-db82-441c-87f6-08de768a4462___GCREC_Bact.Sp 5547.JPG,31.8,82.4,3,Tomato_Bacterial_spot
030501db-683b-4ed5-9ec0-c475a5dfdd76___GCREC_Bact.Sp 5650.JPG,28.2,83.5,2,Tomato_Bacterial_spot
034caf25-29c3-4be2-a725-d2866ce6f548___GCREC_Bact.Sp 3575.JPG,26.0,69.7,3,Tomato_Bacterial_spot
03707c27-7f95-4f19-a173-1c0c74653fdf___GCREC_Bact.Sp 3046.JPG,28.3,88.0,3,Tomato_Bacterial_spot
03aa14e9-9ee4-4ba2-819d-effb3d1ba398___GCREC_Bact.Sp 5801.JPG,32.2,60.8,3,Tomato_Bacterial_spot
03af6874-872f-41e1-bce4-b3022bd7a9e6___GCREC_Bact.Sp 2995.JPG,31.6,83.0,1,Tomato_Bacterial_spot
03c8e0d0-6c57-4207-ad44-4d017c3e7943___GCREC_Bact.Sp 6325.JPG,32.5,42.5,3,Tomato_Bacterial_spot
03ca5883-e9d6-4f88-81d8-90176fcc5413___GCREC_Bact.Sp 3013.JPG,34.5,49.4,3,Tomato_Bacterial_spot
03e6cea1-1c09-420a-a22e-2c29844004d1___GCREC_Bact.Sp 3076.JPG,30.8,60.1,2,Tomato_Bacterial_spot
04210e47-ad95-4648-8f1e-dc183581157c___UF.GRC_BS_Lab Leaf 0320.JPG,20.5,54.5,3,Tomato_Bacterial_spot
045e9a8d-bed0-4700-8d27-7f8d0735223e___GCREC_Bact.Sp 3848.JPG,32.3,89.1,1,Tomato_Bacterial_spot
0493c0e5-27e3-41d6-81f0-7830cef39080___UF.GRC_BS_Lab Leaf 8615.JPG,34.2,82.6,3,Tomato_Bacterial_spot
04da1f61-623b-4878-86ed-3ea24723b515___GCREC_Bact.Sp 5700.JPG,32.2,67.3,1,Tomato_Bacterial_spot
04ee9562-c932-46ef-8e31-da20d4e2e740___GCREC_Bact.Sp 6121.JPG,20.1,56.2,1,Tomato_Bacterial_spot
04fcd6e4-a96e-49ba-b67a-32b88337b505___GCREC_Bact.Sp 3689.JPG,20.1,46.8,3,Tomato_Bacterial_spot
051beef3-8c72-4fd8-9dd4-8fececd41a35___GCREC_Bact.Sp 5989.JPG,33.9,42.6,2,Tomato_Bacterial_spot
0524de69-51ec-4794-a955-04a8e0c5656c___GCREC_Bact.Sp 3695.JPG,34.2,80.3,1,Tomato_Bacterial_spot
0542f446-f9d7-4173-ab07-f41125b21dc7___GCREC_Bact.Sp 3074.JPG,27.8,64.1,1,Tomato_Bacterial_spot
05530c50-5cb9-484f-91d0-82c9df7689d5___GCREC_Bact.Sp 6051.JPG,21.7,71.3,1,Tomato_Bacterial_spot
05777829-6912-44bb-bcef-901bc5190584___GCREC_Bact.Sp 6150.JPG,22.1,70.3,1,Tomato_Bacterial_spot
05796aef-4298-48b1-ac04-e3ba020cb8b8___GCREC_Bact.Sp 3650.JPG,26.3,79.4,2,Tomato_Bacterial_spot
057e3333-e63f-4259-888e-12869cc457c7___GCREC_Bact.Sp 3317.JPG,21.6,68.6,2,Tomato_Bacterial_spot
05fc994d-7781-4dc5-a15c-b359f6c681a6___GCREC_Bact.Sp 6304.JPG,23.0,74.1,1,Tomato_Bacterial_spot
062e43fa-d640-4e2a-b57f-6d819632235f___UF.GRC_BS_Lab Leaf 8853.JPG,22.8,73.1,1,Tomato_Bacterial_spot
06ac210d-bdb1-4224-9053-c218cb14fa60___GCREC_Bact.Sp 3220.JPG,31.8,62.1,1,Tomato_Bacterial_spot
06c56818-dc01-4603-b93c-1be193f95178___GCREC_Bact.Sp 5831.JPG,32.1,42.0,2,Tomato_Bacterial_spot
06d98f32-c416-4a79-81df-8e64f8bb7779___GCREC_Bact.Sp 3083.JPG,26.7,76.0,2,Tomato_Bacterial_spot
06d99389-13fd-4fd1-8734-eb82ea657ce3___UF.GRC_BS_Lab Leaf 8896.JPG,23.0,61.9,2,Tomato_Bacterial_spot
06f23987-e01b-40dc-98ef-a5b33e86bc90___UF.GRC_BS_Lab Leaf 0308.JPG,30.2,46.1,2,Tomato_Bacterial_spot
070228e2-ba4e-4de8-813b-074e51ed6f5a___UF.GRC_BS_Lab Leaf 0661.JPG,28.1,82.4,3,Tomato_Bacterial_spot
07238109-52ed-4369-b16c-6f5844858b81___UF.GRC_BS_Lab Leaf 0447.JPG,23.0,50.6,3,Tomato_Bacterial_spot
0012b9d2-2130-4a06-a834-b1f3af34f57e___RS_Erly.B 8389.JPG,21.0,66.1,3,Tomato_Early_blight
0034a551-9512-44e5-ba6c-827f85ecc688___RS_Erly.B 9432.JPG,25.0,65.9,1,Tomato_Early_blight
004cbe60-8ff9-4965-92df-e86694d5e9ba___RS_Erly.B 8253.JPG,30.9,53.8,2,Tomato_Early_blight
00c5c908-fc25-4710-a109-db143da23112___RS_Erly.B 7778.JPG,32.2,87.6,3,Tomato_Early_blight
00e7c4b2-3005-4558-9cfa-235e356cb7a8___RS_Erly.B 7844.JPG,22.1,63.3,2,Tomato_Early_blight
0114f7b3-7f56-4bef-aa47-7a82da142d4b___RS_Erly.B 7437.JPG,28.1,58.7,1,Tomato_Early_blight
011aa278-a39e-40b0-b6e4-2e2f835889f0___RS_Erly.B 8251.JPG,23.6,52.1,3,Tomato_Early_blight
01861c93-ea8b-4820-aaa8-cc6003b3e75b___RS_Erly.B 7855.JPG,33.0,56.1,1,Tomato_Early_blight
01f87f04-ff38-4aba-b7d1-587aa06e5282___RS_Erly.B 7851.JPG,25.4,48.9,3,Tomato_Early_blight
0208ed52-1b28-4c9c-88e3-4667581e1109___RS_Erly.B 7829.JPG,23.5,85.3,3,Tomato_Early_blight
023fe2d4-6e1d-40ce-99ae-85ba90f436ff___RS_Erly.B 6354.JPG,29.3,54.2,1,Tomato_Early_blight
0378db62-5231-4eff-815d-c0deb0043e80___RS_Erly.B 7464.JPG,26.0,61.6,2,Tomato_Early_blight
03b4571c-b1eb-4e2a-b372-307046913f50___RS_Erly.B 7548.JPG,33.7,83.9,3,Tomato_Early_blight
03b7a13c-f5c0-44c4-beed-443841670e9a___RS_Erly.B 8225.JPG,30.3,63.0,3,Tomato_Early_blight
0401adc0-0998-4d8e-90de-4eae8caf4248___RS_Erly.B 8446.JPG,25.1,58.5,1,Tomato_Early_blight
04747279-48b2-4ce1-932b-e511424beb6b___RS_Erly.B 8240.JPG,28.2,79.7,3,Tomato_Early_blight
04ddbde3-d33c-42bf-b849-dad24d64fd6f___RS_Erly.B 7664.JPG,25.3,44.3,3,Tomato_Early_blight
04e38351-80bc-4260-8a4d-187f7817c3e5___RS_Erly.B 7439.JPG,21.9,52.2,2,Tomato_Early_blight
055ae8d8-09e1-4b27-b385-9ff8a3e0eaae___RS_Erly.B 8247.JPG,29.7,64.5,3,Tomato_Early_blight
05fab431-cc13-4d6d-b4e1-912e0059c7c1___RS_Erly.B 8349.JPG,29.8,53.2,1,Tomato_Early_blight
0621aab4-b9fd-4012-b0a6-ba72e63cd87d___RS_Erly.B 8220.JPG,31.2,42.6,1,Tomato_Early_blight
06339fe1-154f-4bcb-be91-a29e86e25929___RS_Erly.B 7440.JPG,24.1,87.9,1,Tomato_Early_blight
06d0298e-18e5-4bf5-8d33-8feef6600f15___RS_Erly.B 7573.JPG,27.6,61.5,1,Tomato_Early_blight
06d6d114-8d26-43eb-b79f-44218bbfa0d1___RS_Erly.B 9441.JPG,25.8,47.5,2,Tomato_Early_blight
070679a9-27e1-4e6e-8072-29f3750d525b___RS_Erly.B 6439.JPG,24.0,69.2,2,Tomato_Early_blight
072ae43a-416b-434a-a5a2-1b48bc47fada___RS_Erly.B 7472.JPG,29.2,77.0,3,Tomato_Early_blight
07324d80-17c5-4541-9702-62e9c744ac07___RS_Erly.B 7455.JPG,25.7,77.7,1,Tomato_Early_blight
07409e2c-a730-4b11-b25e-31025bd63a91___RS_Erly.B 9578.JPG,23.3,59.1,2,Tomato_Early_blight
074bc781-f586-46b0-bef5-0237e3bf5043___RS_Erly.B 8375.JPG,23.3,69.5,1,Tomato_Early_blight
07502bbb-1733-4d49-a3dc-557b1d4391da___RS_Erly.B 7516.JPG,22.7,63.2,2,Tomato_Early_blight
079e0d43-e9d2-4217-b8e8-2f3b989cdab2___RS_Erly.B 7588.JPG,21.7,78.4,2,Tomato_Early_blight
08615b7d-eca7-487e-a9ea-07842ecf81e8___RS_Erly.B 7543.JPG,31.1,49.8,2,Tomato_Early_blight
089243e5-f319-4ed2-b10c-603328ff4143___RS_Erly.B 9428.JPG,20.8,50.6,2,Tomato_Early_blight
08fe6531-bb66-4e0a-98b3-4b86a794f9f9___RS_Erly.B 7483.JPG,28.2,61.1,2,Tomato_Early_blight
090af0e4-75f2-495a-8bca-a3370c6dd2a6___RS_Erly.B 9562.JPG,30.4,42.9,1,Tomato_Early_blight
0982d864-182e-4d36-959a-dcc67d85d9e6___RS_Erly.B 9481.JPG,25.2,50.9,1,Tomato_Early_blight
0a2726e0-3358-4a46-b6dc-563a5a9f2bdf___RS_Erly.B 7860.JPG,21.1,66.5,1,Tomato_Early_blight
0abc57ec-7f3b-482a-8579-21f3b2fb780b___RS_Erly.B 7609.JPG,28.2,64.9,2,Tomato_Early_blight
0ae44a6c-1213-4312-a11b-c7c5d4e585d0___RS_Erly.B 9442.JPG,26.1,49.8,1,Tomato_Early_blight
0b494c44-8cd0-4491-bdfd-8a354209c3ae___RS_Erly.B 9561.JPG,31.7,75.0,1,Tomato_Early_blight
0ba3d536-8732-4ea1-b3e1-a1be86e5dc6a___RS_Erly.B 9499.JPG,34.4,44.4,3,Tomato_Early_blight
0bb52721-51a6-4343-8c54-de15cedf8e5c___RS_Erly.B 7572.JPG,34.3,73.3,1,Tomato_Early_blight
0bd357fe-1e54-4c65-979c-e894e0b8a3aa___RS_Erly.B 8328.JPG,26.0,55.9,1,Tomato_Early_blight
0bed4d68-b82c-4e96-bbfe-e0fc10df01aa___RS_Erly.B 8301.JPG,33.9,59.4,1,Tomato_Early_blight
0c221e01-a85e-4794-b45b-3a91e349a8d2___RS_Erly.B 6425.JPG,23.7,71.9,3,Tomato_Early_blight
0c865fa4-b0bf-4e69-b39a-d97b068cef84___RS_Erly.B 7477.JPG,20.0,77.4,1,Tomato_Early_blight
0cd17aff-13d8-439a-ac08-dae1aea55edb___RS_Erly.B 7828.JPG,21.0,67.9,2,Tomato_Early_blight
0cd1ebaf-3975-4749-b625-50b7b0751c36___RS_Erly.B 7508.JPG,24.6,71.0,1,Tomato_Early_blight
0cd2270f-87f8-45b5-a4af-19fa34b2acaa___RS_Erly.B 9567.JPG,28.5,50.1,3,Tomato_Early_blight
0d5f65a3-b32f-4565-b63a-c6da73c1322b___RS_Erly.B 8310.JPG,31.0,46.0,1,Tomato_Early_blight
000146ff-92a4-4db6-90ad-8fce2ae4fddd___GH_HL Leaf 259.1.JPG,30.4,74.8,2,Tomato_healthy
000bf685-b305-408b-91f4-37030f8e62db___GH_HL Leaf 308.1.JPG,28.4,72.2,2,Tomato_healthy
0031da2a-8edd-468f-a8b1-106657717a32___RS_HL 0105.JPG,21.0,68.2,3,Tomato_healthy
003944fc-3b99-4a0f-9ed4-0e07352fd8b3___RS_HL 9844.JPG,20.6,68.2,3,Tomato_healthy
00bce074-967b-4d50-967a-31fdaa35e688___RS_HL 0223.JPG,23.7,73.7,1,Tomato_healthy
014b5e19-7917-4d76-b632-b5dd31d999ec___RS_HL 9640.JPG,30.3,84.0,2,Tomato_healthy
01700b46-3800-46c6-ab81-09a5f50af525___RS_HL 0108.JPG,20.1,83.5,1,Tomato_healthy
0172e56c-8bb8-4e75-8ac7-509df81393e8___RS_HL 0580.JPG,28.2,59.5,3,Tomato_healthy
017a4026-813a-4983-887a-4052bb78c397___RS_HL 0218.JPG,24.9,68.5,1,Tomato_healthy
0184dc6b-bfc1-4515-ac59-bbadaf524e1a___GH_HL Leaf 422.1.JPG,31.3,49.2,3,Tomato_healthy
01c1da17-8d9f-4d69-8a1e-58d37453d3c3___RS_HL 9641.JPG,21.6,70.4,3,Tomato_healthy
01f98912-9627-4ce0-8f0f-e451b7acbb6c___RS_HL 0509.JPG,32.8,69.9,1,Tomato_healthy
025bc454-a051-42d2-b547-316f8cc3dc55___GH_HL Leaf 297.JPG,32.3,47.4,2,Tomato_healthy
02b4afdf-e1de-4c0e-a38d-3f19afeb9ea9___RS_HL 0493.JPG,26.9,68.0,3,Tomato_healthy
02d94768-da6d-4c1a-b8b3-fa2e5a2fcd4d___RS_HL 0449.JPG,33.8,89.8,1,Tomato_healthy
0326b4b6-0f25-47af-bfd9-d8fec314a4f5___RS_HL 0621.JPG,33.9,85.0,1,Tomato_healthy
0372686b-04b2-4a25-98da-5801747fa1af___RS_HL 0391.JPG,32.3,81.7,1,Tomato_healthy
03bc8804-bc25-4930-b9bf-35c35920dc3f___RS_HL 9940.JPG,23.7,77.8,2,Tomato_healthy
04141939-3a8c-47b2-a582-e8371ccc120f___RS_HL 0275.JPG,28.9,41.1,3,Tomato_healthy
042d59c2-2fd8-45c2-91bb-c0a05dd07f30___RS_HL 0257.JPG,25.0,84.2,2,Tomato_healthy
04483b12-5e9c-4e74-a5b6-e8c87f60b43f___GH_HL Leaf 439.JPG,34.8,55.1,1,Tomato_healthy
04c78dad-c1eb-4a1b-bfeb-da4c7cc528e1___RS_HL 9688.JPG,34.2,77.7,3,Tomato_healthy
04dec2d5-560b-4f34-a4a1-36b034031e4d___RS_HL 0516.JPG,32.3,70.4,2,Tomato_healthy
050e7bff-2f2d-4c92-9422-05ce93f1d5a9___RS_HL 0097.JPG,33.7,65.9,1,Tomato_healthy
05598cc1-60b9-4436-a233-973c42eff2d6___GH_HL Leaf 503.1.JPG,21.1,72.4,2,Tomato_healthy
0576ef4b-c843-4dfb-b148-c917f7d605b7___GH_HL Leaf 299.JPG,30.0,47.4,1,Tomato_healthy
058ade43-2361-4039-bbe5-0ac661828c01___GH_HL Leaf 325.1.JPG,33.5,40.9,1,Tomato_healthy
06040967-7b02-43b5-a3fc-4490a9a7ded6___RS_HL 0508.JPG,32.0,60.9,3,Tomato_healthy
061bd6f1-8532-4bc8-977d-bc48ffab4ac3___RS_HL 0476.JPG,34.6,67.6,2,Tomato_healthy
062c4b5a-59d7-4bc8-a1d0-abdeb6fc9c0e___RS_HL 0295.JPG,32.1,73.0,3,Tomato_healthy
063d05a7-1a53-4631-818d-44b34126974e___GH_HL Leaf 453.JPG,30.4,44.9,1,Tomato_healthy
065cd824-d515-49f6-a68a-c1b6dd313472___RS_HL 0139.JPG,26.8,54.0,1,Tomato_healthy
06639369-2e38-48cc-a27a-5b90388d227e___RS_HL 0389.JPG,32.0,65.2,1,Tomato_healthy
06704d9f-3bbc-40cd-a5eb-258ed55e172b___GH_HL Leaf 491.1.JPG,26.3,67.7,3,Tomato_healthy
068e324c-faf6-40d6-8f83-578907f1cac5___GH_HL Leaf 466.1.JPG,31.2,89.9,3,Tomato_healthy
06d3fe74-beca-4722-ae07-eeb671b82780___RS_HL 9701.JPG,25.1,77.9,1,Tomato_healthy
06d90ad5-eb13-49aa-ae04-3a4a5454963d___RS_HL 0620.JPG,34.8,89.3,1,Tomato_healthy
06ee1c8d-fbe4-48e9-a1b2-fed7ed5539f7___GH_HL Leaf 293.JPG,27.6,72.4,1,Tomato_healthy
0764ce38-ecb9-4046-88d9-c8f176c6ee8b___GH_HL Leaf 423.JPG,26.2,60.9,1,Tomato_healthy
0764cff7-f198-467a-9afd-d9f0c7bcf7c9___RS_HL 0443.JPG,34.2,51.3,1,Tomato_healthy
07776423-f0af-455c-a7c1-36215c7e7097___RS_HL 0321.JPG,20.5,41.4,1,Tomato_healthy
0782c04b-2a91-4e10-89a7-cf3d3e48be82___RS_HL 9645.JPG,28.7,51.6,1,Tomato_healthy
07b44f68-fa0b-44b5-91cc-c6a7144fcc93___RS_HL 0357.JPG,24.6,68.6,3,Tomato_healthy
07c3c887-da7d-4c81-b6ae-fabd1fb0ba5a___RS_HL 9681.JPG,29.1,81.5,3,Tomato_healthy
07cb5416-a029-467f-a306-252c2a64d2e6___RS_HL 0543.JPG,22.8,82.1,2,Tomato_healthy
083426c2-0042-4788-91ea-b7d93395c24a___RS_HL 9929.JPG,26.9,68.5,2,Tomato_healthy
085cbe78-1d5c-45eb-877f-f409526032d5___GH_HL Leaf 469.JPG,27.2,52.4,1,Tomato_healthy
0864ab65-d40d-4902-8213-09df86cf049e___GH_HL Leaf 400.JPG,31.5,58.7,2,Tomato_healthy
087e3b12-a80b-435f-8973-a3b07888f8b4___RS_HL 9847.JPG,20.1,66.6,3,Tomato_healthy
0894c925-d193-412f-961d-d188b57ee337___GH_HL Leaf 393.JPG,20.3,48.5,3,Tomato_healthy
0003faa8-4b27-4c65-bf42-6d9e352ca1a5___RS_Late.B 4946.JPG,28.3,43.2,2,Tomato_Late_blight
00355ec2-f12c-4015-b8f9-94354f69ce22___RS_Late.B 5311.JPG,24.5,72.6,2,Tomato_Late_blight
005a2c1f-4e15-49e4-9e5c-61dc3ecf9708___RS_Late.B 5096.JPG,21.7,42.4,1,Tomato_Late_blight
005e3b43-9050-47da-9498-f9ecdcc703b3___RS_Late.B 5104.JPG,31.9,66.9,3,Tomato_Late_blight
008ebb44-eb77-4843-b621-4b88b5df7d43___RS_Late.B 5188.JPG,34.7,60.6,2,Tomato_Late_blight
00ce4c63-9913-4b16-898c-29f99acf0dc3___RS_Late.B 4982.JPG,33.5,44.9,1,Tomato_Late_blight
013f987a-9371-4763-a104-ea6f326e584b___GHLB2 Leaf 8556.JPG,34.1,53.7,3,Tomato_Late_blight
01425d17-4c97-46e3-b395-c1453b78ab78___GHLB2 Leaf 9100.JPG,26.3,88.0,1,Tomato_Late_blight
014d4972-1301-46d3-afc4-56470b774137___GHLB2 Leaf 8831.JPG,21.0,57.0,1,Tomato_Late_blight
014eee0c-8000-4762-b4b8-63ecc2fadc13___GHLB2ES Leaf 69.1.JPG,31.7,73.9,3,Tomato_Late_blight
01527fac-41e4-484c-af41-1ed7bc3b5ce6___RS_Late.B 6134.JPG,34.0,41.0,1,Tomato_Late_blight
0172b2ff-6f6f-43e1-9a63-ea4bb2bce450___GHLB_PS Leaf 17 Day 9.jpg,25.9,75.6,2,Tomato_Late_blight
017a9839-6097-45aa-85b0-3051db151484___RS_Late.B 5125.JPG,33.4,65.2,3,Tomato_Late_blight
01a68044-9c5b-4658-a944-6108c6862ce7___GHLB Leaf 2.1 Day 16.JPG,21.2,76.1,3,Tomato_Late_blight
01c391d2-1b3a-4b58-b205-a75674bba6e9___GHLB2 Leaf 8824.JPG,28.2,41.5,3,Tomato_Late_blight
01cd2d73-c741-45a5-9610-a2cea2266b80___GHLB2 Leaf 121.JPG,24.9,51.5,2,Tomato_Late_blight
01d9be0b-c5e7-49db-8cdf-46bd0ef2c6e7___RS_Late.B 7066.JPG,31.7,47.6,1,Tomato_Late_blight
01ebf21e-ef94-4c92-b007-0b26741c2fc8___GHLB2 Leaf 9075.JPG,27.3,69.3,3,Tomato_Late_blight
01ece5a1-8398-4e68-a9e3-198c57b51b01___GHLB2 Leaf 8757.JPG,28.5,57.5,2,Tomato_Late_blight
021a9808-21f7-464a-8df2-2eda5ed98eda___RS_Late.B 5356.JPG,27.4,78.3,2,Tomato_Late_blight
021ca736-df21-458a-9010-fab4803f08fe___RS_Late.B 7010.JPG,25.3,71.0,1,Tomato_Late_blight
0220afd9-d40e-4b72-8405-78b417c7b8af___GHLB2 Leaf 8987.JPG,32.5,68.0,3,Tomato_Late_blight
023315df-8824-4760-9480-4dca3a023931___GHLB2 Leaf 8719.JPG,23.1,86.3,3,Tomato_Late_blight
024dc5bb-7990-4256-b2b4-a8495b71cbd4___RS_Late.B 6064.JPG,31.9,52.8,3,Tomato_Late_blight
02790384-a589-421b-8695-693e77970418___GHLB2 Leaf 8920.JPG,33.8,74.2,1,Tomato_Late_blight
02a3e0cd-04da-4e08-b929-167bcb7f46f4___GHLB2 Leaf 8731.JPG,30.6,40.9,1,Tomato_Late_blight
02effbf1-e958-4531-a19b-f8be754d2805___RS_Late.B 5206.JPG,28.3,55.1,2,Tomato_Late_blight
02fe963e-7c68-4fd3-9f8f-36bf9e153c20___GHLB2 Leaf 8581.JPG,27.7,76.2,3,Tomato_Late_blight
031ab3ab-02f4-4397-9886-54345461580d___RS_Late.B 6654.JPG,24.0,51.4,2,Tomato_Late_blight
0334d40b-d880-442f-a7db-e5c85a2e0bed___RS_Late.B 6367.JPG,31.7,65.4,1,Tomato_Late_blight
037c55c7-6e33-4b8d-af05-4d555f4e658e___GHLB_PS Leaf 42.1 Day 18.jpg,31.4,87.5,3,Tomato_Late_blight
039e5d57-64e2-41de-8ccf-e44598bcedb0___RS_Late.B 6883.JPG,26.9,77.3,3,Tomato_Late_blight
03a0f11e-9d47-49c4-ba45-773b8aa9f2e1___GHLB2 Leaf 8767.JPG,31.4,44.8,2,Tomato_Late_blight
03a15d38-e1b5-4586-b763-2bad2d268290___RS_Late.B 5207.JPG,22.0,79.6,3,Tomato_Late_blight
03ccfc6a-8142-4f46-8eb5-f7fc77978081___RS_Late.B 4916.JPG,25.5,58.4,1,Tomato_Late_blight
03d8267a-c675-439f-9b98-a9c7653dd05e___GHLB2 Leaf 8558.JPG,34.4,51.0,2,Tomato_Late_blight
03e8a2f9-6a7e-43dd-8a1b-3eb7cf99b89b___RS_Late.B 5034.JPG,26.0,43.8,3,Tomato_Late_blight
03f008be-5b97-4827-a2e2-88136b3c8714___RS_Late.B 6290.JPG,34.4,63.9,1,Tomato_Late_blight
0406a9d1-1b4e-42e2-814b-e03e525a51b2___RS_Late.B 5224.JPG,20.9,82.9,2,Tomato_Late_blight
0418161a-871a-4d36-b988-c95f89e0feaf___RS_Late.B 7063.JPG,34.9,64.2,3,Tomato_Late_blight
04540250-4926-47a6-9240-e047a04befc5___GHLB2 Leaf 9019.JPG,30.6,49.6,2,Tomato_Late_blight
046c65f2-b155-4018-b161-825191c5faaa___RS_Late.B 5042.JPG,25.2,73.0,1,Tomato_Late_blight
048eddf2-6142-4031-b23a-654cc3803d01___RS_Late.B 6097.JPG,24.3,60.1,3,Tomato_Late_blight
049dbcab-de65-4f09-9b1b-e59886f56f2e___RS_Late.B 5141.JPG,23.6,69.5,1,Tomato_Late_blight
04ba0ca5-c52c-4bab-897b-2d38f7835a03___RS_Late.B 5631.JPG,23.2,42.4,2,Tomato_Late_blight
04d8f472-b6ba-4bf7-82eb-a643937af9aa___GHLB2 Leaf 113.3.JPG,29.9,75.6,2,Tomato_Late_blight
04da342d-5952-4f2f-b19c-14cdc7fcb07b___GHLB2 Leaf 8716.JPG,28.5,49.4,2,Tomato_Late_blight
050ddb3f-1eb7-4905-8fa3-fc537dc50b7a___GHLB2 Leaf 9042.JPG,32.8,82.7,2,Tomato_Late_blight
0524e8c4-56d9-41e2-b22d-33f22950ff93___RS_Late.B 5320.JPG,31.5,45.5,2,Tomato_Late_blight
052ec825-37a3-4467-a5ea-2e0601c29fbd___RS_Late.B 6786.JPG,26.3,85.7,3,Tomato_Late_blight
00694db7-3327-45e0-b4da-a8bb7ab6a4b7___Crnl_L.Mold 6923.JPG,32.6,83.4,1,Tomato_Leaf_Mold
0160c3b5-d89e-40e5-a313-49ae1524040a___Crnl_L.Mold 6823.JPG,24.3,88.5,2,Tomato_Leaf_Mold
0185befe-f0b5-4848-9677-f33c2237f4e9___Crnl_L.Mold 8729.JPG,22.0,71.4,1,Tomato_Leaf_Mold
022a4dfb-84cc-45cb-81c5-a620817e31cb___Crnl_L.Mold 6926.JPG,29.6,63.9,1,Tomato_Leaf_Mold
02415b3d-2ba8-4654-8398-a480ad901bbf___Crnl_L.Mold 8645.JPG,32.9,77.1,1,Tomato_Leaf_Mold
02a29ab9-8cba-47a0-bc2f-e7af7dbae149___Crnl_L.Mold 7165.JPG,21.7,52.1,3,Tomato_Leaf_Mold
030ea180-4eb5-4f91-918e-56c7cfe2c001___Crnl_L.Mold 7076.JPG,28.6,76.6,1,Tomato_Leaf_Mold
036d12b0-1e97-4975-bd80-a8a3c48588e7___Crnl_L.Mold 6500.JPG,23.8,78.8,1,Tomato_Leaf_Mold
039183dc-a260-49fa-b28a-0c8f11614896___Crnl_L.Mold 6720.JPG,22.0,49.3,2,Tomato_Leaf_Mold
03c6374e-c292-440e-b2e3-a70c5e64562a___Crnl_L.Mold 8935.JPG,34.8,59.3,2,Tomato_Leaf_Mold
041f3e00-0236-4d32-897f-8d13f3a9aa1f___Crnl_L.Mold 9135.JPG,23.6,67.2,1,Tomato_Leaf_Mold
0425e1f8-950e-4f8f-a8cc-66809d61ef54___Crnl_L.Mold 6783.JPG,32.6,84.5,3,Tomato_Leaf_Mold
0443d006-9d75-4d46-9312-941f21e3791d___Crnl_L.Mold 9139.JPG,29.3,48.3,2,Tomato_Leaf_Mold
0462054e-f0aa-41a7-a9cc-95d0784b9767___Crnl_L.Mold 6547.JPG,26.7,46.4,1,Tomato_Leaf_Mold
05138150-866c-460e-a252-19d269a81d4d___Crnl_L.Mold 6745.JPG,24.7,84.0,2,Tomato_Leaf_Mold
05205449-e0d0-4d2f-a2fb-6f1fc0e2e9c5___Crnl_L.Mold 8717.JPG,33.5,85.3,3,Tomato_Leaf_Mold
053f0efc-038f-471b-9e7b-5b605d45fda4___Crnl_L.Mold 8982.JPG,32.2,46.3,1,Tomato_Leaf_Mold
0595201b-049b-47ff-9e56-7e042932c0fe___Crnl_L.Mold 9179.JPG,27.8,85.5,3,Tomato_Leaf_Mold
05bbff69-adad-4e16-8fad-c265be82e25a___Crnl_L.Mold 6929.JPG,32.0,42.9,3,Tomato_Leaf_Mold
062842d6-a49e-4aec-94fb-d6868db0e53d___Crnl_L.Mold 8805.JPG,21.5,82.9,2,Tomato_Leaf_Mold
06885d98-1412-4073-8800-9da44c3935c6___Crnl_L.Mold 6794.JPG,32.3,70.2,2,Tomato_Leaf_Mold
0741bcde-474a-4b81-b6d5-217ab4f7d0e9___Crnl_L.Mold 6660.JPG,24.5,43.5,2,Tomato_Leaf_Mold
076334e5-f0a2-4f7a-b936-02a89ddd0cf5___Crnl_L.Mold 8857.JPG,34.2,50.4,3,Tomato_Leaf_Mold
077218cb-00b9-4bdf-b091-108a42c7a601___Crnl_L.Mold 7118.JPG,35.0,63.1,1,Tomato_Leaf_Mold
080ae890-cc9c-487e-94a2-f3bcc7decb32___Crnl_L.Mold 7043.JPG,28.5,48.3,2,Tomato_Leaf_Mold
0857ce1f-5347-493a-acd9-77b698950b45___Crnl_L.Mold 6748.JPG,29.1,45.6,1,Tomato_Leaf_Mold
08cdd6ec-9dd7-4fc2-a255-11a70adaffd4___Crnl_L.Mold 9177.JPG,31.0,59.4,2,Tomato_Leaf_Mold
091238ce-b84c-4629-a8b2-ba78254bd2e0___Crnl_L.Mold 8788.JPG,31.7,44.7,2,Tomato_Leaf_Mold
09240d05-a928-4491-9f13-ee42b693e2bd___Crnl_L.Mold 6610.JPG,28.4,62.6,1,Tomato_Leaf_Mold
092442ed-3ad2-4195-8cd5-cc2ba74469e1___Crnl_L.Mold 6578.JPG,28.4,76.6,2,Tomato_Leaf_Mold
097b050a-eaa4-4e4a-a30a-b72d1a4c0cc4___Crnl_L.Mold 8682.JPG,24.5,54.0,3,Tomato_Leaf_Mold
09e0ad88-2008-4558-b870-8d06b82a7203___Crnl_L.Mold 6756.JPG,28.1,72.6,3,Tomato_Leaf_Mold
0a555f63-bf03-4958-8993-e1932b8dce9f___Crnl_L.Mold 9064.JPG,30.2,72.5,3,Tomato_Leaf_Mold
0a9b3ff4-5343-4814-ac2c-fdb3613d4e4d___Crnl_L.Mold 6559.JPG,21.2,56.0,3,Tomato_Leaf_Mold
0ac36661-a47d-47ff-8948-42edec033b87___Crnl_L.Mold 9127.JPG,27.9,40.1,2,Tomato_Leaf_Mold
0adab1d4-5696-4cd8-8453-3931b70e856d___Crnl_L.Mold 8689.JPG,27.4,75.7,3,Tomato_Leaf_Mold
0ae36892-5cb1-476e-8a51-b7fd8183a535___Crnl_L.Mold 6728.JPG,34.4,62.5,1,Tomato_Leaf_Mold
0b3d5bf2-607f-4f95-bdcd-3542b8bd3244___Crnl_L.Mold 6654.JPG,26.2,73.1,3,Tomato_Leaf_Mold
0b943ada-01a9-4ce0-a607-e799394856de___Crnl_L.Mold 7008.JPG,22.7,86.6,2,Tomato_Leaf_Mold
0ba88812-fa4f-4602-bcec-c03cd7d0ba2b___Crnl_L.Mold 6990.JPG,34.2,81.0,3,Tomato_Leaf_Mold
0bae0514-799a-479f-a407-ad763f458916___Crnl_L.Mold 8989.JPG,33.5,64.4,2,Tomato_Leaf_Mold
0bb34c9b-ecf7-4fb1-8ee1-098bccdcdaae___Crnl_L.Mold 6522.JPG,22.3,86.9,3,Tomato_Leaf_Mold
0bc63b4c-e41b-4338-a8ac-af664048fdbb___Crnl_L.Mold 6913.JPG,29.2,63.7,3,Tomato_Leaf_Mold
0bc8fe4f-f614-43ce-bb2f-e3c0ef79f148___Crnl_L.Mold 8907.JPG,26.4,44.0,3,Tomato_Leaf_Mold
0c0debed-e807-4236-a2e3-d9b72f54367f___Crnl_L.Mold 6899.JPG,26.5,78.6,3,Tomato_Leaf_Mold
0ced0bae-d224-43f5-8fd7-072c7cbd8f77___Crnl_L.Mold 9161.JPG,20.7,44.5,1,Tomato_Leaf_Mold
0d54c850-da9a-498d-a636-ddeac067fd7e___Crnl_L.Mold 6746.JPG,25.3,84.6,3,Tomato_Leaf_Mold
0db4cbf4-fa94-42c8-8bf5-90114281c569___Crnl_L.Mold 8681.JPG,23.2,80.1,2,Tomato_Leaf_Mold
0ddf82ad-9004-4913-ac9c-d00333d7c858___Crnl_L.Mold 7089.JPG,20.8,60.0,2,Tomato_Leaf_Mold
0de02a32-f166-4d67-bbb8-689e96d04c44___Crnl_L.Mold 8811.JPG,26.9,68.0,1,Tomato_Leaf_Mold
002533c1-722b-44e5-9d2e-91f7747b2543___Keller.St_CG 1831.JPG,32.6,86.7,2,Tomato_Septoria_leaf_spot
0025c401-7785-49c5-8bef-780a8a0d3652___Matt.S_CG 2694.JPG,34.3,63.4,2,Tomato_Septoria_leaf_spot
006c018a-bb21-4a24-b1ff-d8b2864a7354___Matt.S_CG 6192.JPG,25.9,58.7,3,Tomato_Septoria_leaf_spot
009bb542-f0c0-40f2-98a7-f547c5adec45___Matt.S_CG 1355.JPG,29.2,58.0,3,Tomato_Septoria_leaf_spot
009ce7ca-77de-4e4e-9f59-bec9162df779___Matt.S_CG 7403.JPG,29.6,45.6,1,Tomato_Septoria_leaf_spot
00f16858-f392-4d9e-ad9f-efab8049a13f___JR_Sept.L.S 8368.JPG,22.1,61.5,2,Tomato_Septoria_leaf_spot
015c2613-fb1c-4f31-88f1-c7e5be9ddc97___JR_Sept.L.S 8431.JPG,26.8,87.0,1,Tomato_Septoria_leaf_spot
0176f68f-a3d8-473b-9bea-c075a5507b34___JR_Sept.L.S 2504.JPG,28.6,83.0,3,Tomato_Septoria_leaf_spot
01f54ad9-9c03-4ffd-86f4-829fc2939120___Matt.S_CG 0702.JPG,33.6,88.7,2,Tomato_Septoria_leaf_spot
021f9747-f308-4694-859b-10f541a0e63c___JR_Sept.L.S 2506.JPG,32.3,41.4,1,Tomato_Septoria_leaf_spot
026c9801-8f0c-41b6-adfe-12704eafa73d___Keller.St_CG 1939.JPG,28.1,57.7,3,Tomato_Septoria_leaf_spot
0286577f-36c8-4b0d-bbf5-404993cd089d___Matt.S_CG 1422.JPG,24.1,76.0,2,Tomato_Septoria_leaf_spot
029c0186-56f1-41de-bb6b-3743bdfb10ee___JR_Sept.L.S 8562.JPG,32.1,69.1,3,Tomato_Septoria_leaf_spot
02ab6821-757a-401b-ac04-919fdceee1f0___Matt.S_CG 1653.JPG,34.3,52.3,3,Tomato_Septoria_leaf_spot
02b079eb-8c74-42bf-b956-d3aecdb9d4ad___JR_Sept.L.S 8522.JPG,33.8,40.9,2,Tomato_Septoria_leaf_spot
02d2c484-8bdb-4ef2-8d07-0bdb3ac330cc___Matt.S_CG 0975.JPG,30.4,79.8,2,Tomato_Septoria_leaf_spot
03611d8a-1664-4d1a-8d9b-7dc3e1a302cc___Keller.St_CG 1945.JPG,32.7,79.4,2,Tomato_Septoria_leaf_spot
037d8289-4297-4462-95aa-3cecf4cf5a62___Matt.S_CG 7764.JPG,23.0,84.5,2,Tomato_Septoria_leaf_spot
03b3e88f-63ad-49e1-88c2-b8bfffd6aaf6___Matt.S_CG 1226.JPG,30.9,85.8,2,Tomato_Septoria_leaf_spot
041684a2-1a2c-430f-ab09-b17293f015bc___JR_Sept.L.S 8400.JPG,21.9,71.7,2,Tomato_Septoria_leaf_spot
046a86f0-bdae-438b-9c1f-b840c706f409___JR_Sept.L.S 8530.JPG,20.8,71.2,1,Tomato_Septoria_leaf_spot
04840559-16ed-4f17-908b-2048ba83ab80___Keller.St_CG 1780.JPG,22.3,88.7,2,Tomato_Septoria_leaf_spot
04c912dc-3e26-43ff-a6e3-69de49a6e529___JR_Sept.L.S 8519.JPG,26.6,47.0,1,Tomato_Septoria_leaf_spot
04eb9fee-df68-4917-a639-d68e12c08bbc___JR_Sept.L.S 8475.JPG,29.8,58.8,2,Tomato_Septoria_leaf_spot
0501db9a-3dfd-492b-974a-e1dd30991ad5___Keller.St_CG 1918.JPG,24.4,56.3,2,Tomato_Septoria_leaf_spot
050ab551-f613-4561-9a90-2a6a206e9b43___Matt.S_CG 2787.JPG,33.6,75.7,3,Tomato_Septoria_leaf_spot
057115de-0a9b-4e3a-b98f-7ba3ce174b8f___Keller.St_CG 1800.JPG,30.9,61.9,3,Tomato_Septoria_leaf_spot
06225525-413e-411b-a503-85e8dc6050a8___JR_Sept.L.S 8351.JPG,23.4,71.8,1,Tomato_Septoria_leaf_spot
062f056c-5c23-4712-bbe2-f53bae4d7ad5___Matt.S_CG 7534.JPG,33.5,86.2,1,Tomato_Septoria_leaf_spot
0648ab1f-53de-4c70-9854-10f0794cb30c___Matt.S_CG 7480.JPG,29.4,67.3,1,Tomato_Septoria_leaf_spot
0650f176-add9-444e-893e-707969054a43___JR_Sept.L.S 2722.JPG,32.6,63.1,2,Tomato_Septoria_leaf_spot
0663ec0d-8837-4ba8-82a4-89d8a07ca206___Matt.S_CG 0714.JPG,33.1,88.0,1,Tomato_Septoria_leaf_spot
066b2772-c513-403b-9550-26def3b79ec3___JR_Sept.L.S 2497.JPG,23.7,48.8,3,Tomato_Septoria_leaf_spot
06778fed-2b98-49b1-a9d3-d57765586a3f___Matt.S_CG 2795.JPG,27.7,67.0,3,Tomato_Septoria_leaf_spot
069e7256-c9ac-4544-a89c-54a1ebf4ed23___Matt.S_CG 2434.JPG,28.7,84.5,2,Tomato_Septoria_leaf_spot
0745df82-cfd3-498c-add3-1a4d20f281b2___JR_Sept.L.S 8430.JPG,27.9,89.5,2,Tomato_Septoria_leaf_spot
074642ac-c747-436b-bfd8-63969f221783___Matt.S_CG 1003.JPG,30.6,75.6,1,Tomato_Septoria_leaf_spot
0751d5c2-c59a-4c96-b348-2a9d3c8c8333___Matt.S_CG 6845.JPG,33.3,78.5,3,Tomato_Septoria_leaf_spot
0751ddb1-c3ee-46ee-bee1-46c24c567dc2___Matt.S_CG 6116.JPG,30.6,66.6,3,Tomato_Septoria_leaf_spot
07679a50-9d8d-4612-80f4-464785781d56___JR_Sept.L.S 2727.JPG,20.9,74.7,2,Tomato_Septoria_leaf_spot
076b6071-1ce2-4ed1-9dcf-077dcd7640e4___JR_Sept.L.S 2468.JPG,28.3,56.3,3,Tomato_Septoria_leaf_spot
07a4190c-b0c0-4e03-9ad5-474938c837d2___Matt.S_CG 1242.JPG,21.3,58.4,2,Tomato_Septoria_leaf_spot
07dd57ec-cbf0-4fc1-b680-6b3226da51e4___JR_Sept.L.S 8524.JPG,25.8,48.7,3,Tomato_Septoria_leaf_spot
07e5a836-f1d6-4fc3-8847-09c8f9c368ec___Matt.S_CG 6089.JPG,33.9,53.6,3,Tomato_Septoria_leaf_spot
0806cabf-f026-43bd-a508-0e8e5a185341___Matt.S_CG 1266.JPG,31.2,65.0,3,Tomato_Septoria_leaf_spot
08233234-a3af-4040-8814-eb13f89802dd___Keller.St_CG 2009.JPG,34.4,60.4,2,Tomato_Septoria_leaf_spot
085e05c8-68e6-45f5-aa76-4d58620c1593___Matt.S_CG 6700.JPG,28.0,66.2,1,Tomato_Septoria_leaf_spot
086f38cc-ea15-4625-aa96-9a74c65f7f7f___Matt.S_CG 6713.JPG,34.8,79.8,3,Tomato_Septoria_leaf_spot
08e2c0d9-5e08-4845-b456-3cce0599b767___Keller.St_CG 1977.JPG,30.2,42.5,1,Tomato_Septoria_leaf_spot
09033832-a345-408c-823e-a4081d7fbbf4___JR_Sept.L.S 8523.JPG,29.7,84.0,1,Tomato_Septoria_leaf_spot
002835d1-c18e-4471-aa6e-8d8c29585e9b___Com.G_SpM_FL 8584.JPG,29.8,78.0,3,Tomato_Spider_mites_Two_spotted_spider_mite
003b7929-a364-4e74-be1c-37c4c0a6ec63___Com.G_SpM_FL 1414.JPG,20.2,74.1,2,Tomato_Spider_mites_Two_spotted_spider_mite
00bc7858-1dca-4bfb-a828-225f03bd72a5___Com.G_SpM_FL 9455.JPG,28.0,73.2,1,Tomato_Spider_mites_Two_spotted_spider_mite
00c8e9a0-1fb8-434b-8981-25511358ddc9___Com.G_SpM_FL 8717.JPG,21.2,73.7,2,Tomato_Spider_mites_Two_spotted_spider_mite
00fa99e8-2605-4d72-be69-98277587d84b___Com.G_SpM_FL 1453.JPG,30.0,75.5,3,Tomato_Spider_mites_Two_spotted_spider_mite
0100e504-f6bc-464a-a181-38262117f30a___Com.G_SpM_FL 1202.JPG,22.7,87.6,3,Tomato_Spider_mites_Two_spotted_spider_mite
01027422-5838-4aaf-a517-01ea4e2cb6b9___Com.G_SpM_FL 9256.JPG,27.7,61.8,2,Tomato_Spider_mites_Two_spotted_spider_mite
012369f5-ca64-4811-888f-35d75f7f7c2b___Com.G_SpM_FL 8911.JPG,25.8,53.8,1,Tomato_Spider_mites_Two_spotted_spider_mite
01720a27-7595-496b-bf53-dbe5c8c1e2c3___Com.G_SpM_FL 8476.JPG,22.1,52.7,1,Tomato_Spider_mites_Two_spotted_spider_mite
01854aac-d409-4136-b885-3df6943cc349___Com.G_SpM_FL 1374.JPG,21.9,63.4,2,Tomato_Spider_mites_Two_spotted_spider_mite
0189e941-6286-4aae-bc7a-c87b2d6e0b09___Com.G_SpM_FL 1153.JPG,27.8,63.8,2,Tomato_Spider_mites_Two_spotted_spider_mite
01963a97-0507-43a6-ae4a-1afd8e0c4f3e___Com.G_SpM_FL 1217.JPG,31.1,88.8,1,Tomato_Spider_mites_Two_spotted_spider_mite
0211efc9-5409-43a7-a46b-a87d46f23fc3___Com.G_SpM_FL 9646.JPG,25.4,47.7,2,Tomato_Spider_mites_Two_spotted_spider_mite
0247236f-c1ae-4b3f-92b3-9077fe5cb3c3___Com.G_SpM_FL 8505.JPG,31.3,54.4,2,Tomato_Spider_mites_Two_spotted_spider_mite
02c791ab-ffc3-40d4-9b42-db946eee2413___Com.G_SpM_FL 1640.JPG,29.3,63.3,1,Tomato_Spider_mites_Two_spotted_spider_mite
0315776d-6d0d-4ae2-b102-4fd0feebaa51___Com.G_SpM_FL 9375.JPG,34.5,67.9,1,Tomato_Spider_mites_Two_spotted_spider_mite
03882a7e-b80a-4c12-b4bb-5d03c88a8c4b___Com.G_SpM_FL 8730.JPG,23.1,83.5,3,Tomato_Spider_mites_Two_spotted_spider_mite
03dc4d71-45b6-4845-9f66-3b7aae5375e1___Com.G_SpM_FL 1193.JPG,28.5,62.2,3,Tomato_Spider_mites_Two_spotted_spider_mite
03e18a00-ffbd-4863-a0c5-7c597c09b025___Com.G_SpM_FL 8798.JPG,22.6,54.2,3,Tomato_Spider_mites_Two_spotted_spider_mite
03fa54ef-d6cc-40f3-8ae2-469d1ab5b541___Com.G_SpM_FL 9653.JPG,26.3,75.6,3,Tomato_Spider_mites_Two_spotted_spider_mite
0421a79d-5c62-43e8-a695-ae55f987c27e___Com.G_SpM_FL 1434.JPG,24.9,77.9,2,Tomato_Spider_mites_Two_spotted_spider_mite
04a5f541-9202-4475-b5a0-01c14543f211___Com.G_SpM_FL 8534.JPG,24.4,78.9,2,Tomato_Spider_mites_Two_spotted_spider_mite
04b0cccf-da6f-4ad8-9ff9-0055170a990c___Com.G_SpM_FL 1284.JPG,23.8,63.6,2,Tomato_Spider_mites_Two_spotted_spider_mite
05138887-688c-4efe-a78f-f4416c1d63b0___Com.G_SpM_FL 8767.JPG,20.4,54.4,3,Tomato_Spider_mites_Two_spotted_spider_mite
053c2c95-1110-4d4e-98d1-e189858deb3f___Com.G_SpM_FL 8449.JPG,31.6,73.5,2,Tomato_Spider_mites_Two_spotted_spider_mite
057ecdbe-a9f1-47ff-8c5e-17ae92ff5670___Com.G_SpM_FL 8427.JPG,21.6,62.8,1,Tomato_Spider_mites_Two_spotted_spider_mite
05a76480-4ffe-476f-a101-fdadd8b3fbcf___Com.G_SpM_FL 9329.JPG,27.9,78.1,2,Tomato_Spider_mites_Two_spotted_spider_mite
05be6ebc-1641-4707-91da-9b5650b9641a___Com.G_SpM_FL 8857.JPG,31.4,60.5,2,Tomato_Spider_mites_Two_spotted_spider_mite
05d67c02-8fb8-40dd-bbbe-efdc9837dced___Com.G_SpM_FL 1598.JPG,27.7,82.7,3,Tomato_Spider_mites_Two_spotted_spider_mite
062c5345-1a64-4dba-8c58-0d72902742c1___Com.G_SpM_FL 8874.JPG,22.8,78.8,2,Tomato_Spider_mites_Two_spotted_spider_mite
06c29099-98e3-46ae-88f9-7160c74dafea___Com.G_SpM_FL 9427.JPG,25.9,51.7,2,Tomato_Spider_mites_Two_spotted_spider_mite
06e43f45-f56b-4979-b4a3-10eafeaddf3e___Com.G_SpM_FL 9534.JPG,24.7,83.3,3,Tomato_Spider_mites_Two_spotted_spider_mite
06f22419-20df-43ab-9402-7ee76eb08921___Com.G_SpM_FL 1325.JPG,31.8,83.4,2,Tomato_Spider_mites_Two_spotted_spider_mite
072a0bb6-de84-4200-8393-9e5b28868a23___Com.G_SpM_FL 1412.JPG,25.3,72.6,1,Tomato_Spider_mites_Two_spotted_spider_mite
0730f5a3-7001-4d2c-9949-5633c30ce3a5___Com.G_SpM_FL 8809.JPG,20.0,67.3,3,Tomato_Spider_mites_Two_spotted_spider_mite
07843665-3d98-4371-873a-21b4bbe30a9d___Com.G_SpM_FL 8458.JPG,33.3,45.3,1,Tomato_Spider_mites_Two_spotted_spider_mite
0792af40-147c-400a-84e6-a0eeb25ac381___Com.G_SpM_FL 9381.JPG,29.4,58.2,2,Tomato_Spider_mites_Two_spotted_spider_mite
0794d252-5524-49d2-9871-011677db2698___Com.G_SpM_FL 8571.JPG,31.2,60.4,2,Tomato_Spider_mites_Two_spotted_spider_mite
079c26a2-0862-4062-aa4b-53a5af52350f___Com.G_SpM_FL 1497.JPG,22.2,61.5,1,Tomato_Spider_mites_Two_spotted_spider_mite
07a04ca5-a3f3-43c7-b035-95eccd5ca39e___Com.G_SpM_FL 1401.JPG,22.9,54.7,2,Tomato_Spider_mites_Two_spotted_spider_mite
081a628a-9293-4aac-bde6-c117085132f6___Com.G_SpM_FL 9037.JPG,24.1,45.5,1,Tomato_Spider_mites_Two_spotted_spider_mite
08261e43-0fe0-42bd-9c15-3dca406ba0bf___Com.G_SpM_FL 1359.JPG,22.8,83.9,3,Tomato_Spider_mites_Two_spotted_spider_mite
085cdef7-8892-4873-a0e7-5715082762d0___Com.G_SpM_FL 8650.JPG,31.7,74.7,3,Tomato_Spider_mites_Two_spotted_spider_mite
08672d79-7f11-4900-9e12-aad35778f463___Com.G_SpM_FL 8753.JPG,31.9,84.8,3,Tomato_Spider_mites_Two_spotted_spider_mite
087cd727-92d4-4c49-a069-26b3563037e4___Com.G_SpM_FL 9573.JPG,32.8,49.1,2,Tomato_Spider_mites_Two_spotted_spider_mite
0889ce0b-097f-4824-a46e-7ed9a01a4862___Com.G_SpM_FL 1435.JPG,29.6,68.4,2,Tomato_Spider_mites_Two_spotted_spider_mite
089621fa-9c68-4401-a964-ee3383a31cd6___Com.G_SpM_FL 8554.JPG,26.1,64.2,1,Tomato_Spider_mites_Two_spotted_spider_mite
08ddab1e-8a69-47b2-b0ff-6d53e6315eee___Com.G_SpM_FL 1445.JPG,31.0,82.3,3,Tomato_Spider_mites_Two_spotted_spider_mite
08e9a879-8784-4775-aeef-21fbd62dd08e___Com.G_SpM_FL 8513.JPG,33.4,63.9,3,Tomato_Spider_mites_Two_spotted_spider_mite
08f0fd0e-d4b1-400d-9df1-2d61d24c95f0___Com.G_SpM_FL 9397.JPG,26.9,50.8,2,Tomato_Spider_mites_Two_spotted_spider_mite
002213fb-b620-4593-b9ac-6a6cc119b100___Com.G_TgS_FL 8360.JPG,31.4,59.9,3,Tomato__Target_Spot
003a5321-0430-42dd-a38d-30ac4563f4ba___Com.G_TgS_FL 8121.JPG,20.8,67.7,3,Tomato__Target_Spot
0044d10f-7062-4655-8abd-9fffc5b2f152___Com.G_TgS_FL 7908.JPG,22.1,50.8,2,Tomato__Target_Spot
007ec913-8cfe-43ed-b458-f041a17266ae___Com.G_TgS_FL 9844.JPG,33.6,74.2,1,Tomato__Target_Spot
00854623-ba28-446d-a1d5-03c0ae3f99d9___Com.G_TgS_FL 7949.JPG,21.1,70.2,3,Tomato__Target_Spot
0118c27a-f34a-41e1-8b2f-d2c564f83c5c___Com.G_TgS_FL 0013.JPG,25.6,67.3,3,Tomato__Target_Spot
0118ed61-b135-45be-ad81-7e2d54203be4___Com.G_TgS_FL 8241.JPG,26.5,66.3,3,Tomato__Target_Spot
0197df47-a9cb-4b6c-b72c-ac0e9af6d135___Com.G_TgS_FL 0779.JPG,25.2,66.6,3,Tomato__Target_Spot
01b2013e-4030-4cd0-843c-2dbacf5f3758___Com.G_TgS_FL 8398.JPG,24.6,77.7,3,Tomato__Target_Spot
01e0b8b1-e713-4c6d-973b-f7636280c58a___Com.G_TgS_FL 9816.JPG,26.7,44.9,2,Tomato__Target_Spot
01f0e0cb-83a7-4190-9645-bd06b70c8d65___Com.G_TgS_FL 8318.JPG,25.2,49.6,1,Tomato__Target_Spot
021dbc57-a5cc-4fc9-a3cf-e64b92df20bc___Com.G_TgS_FL 9916.JPG,22.6,65.3,2,Tomato__Target_Spot
025510ac-15db-4861-b02b-21da82161100___Com.G_TgS_FL 0952.JPG,32.7,70.7,1,Tomato__Target_Spot
0288164e-d6cf-4215-b593-7b581308a4cf___Com.G_TgS_FL 9777.JPG,31.3,56.6,3,Tomato__Target_Spot
02b891ad-b252-4f46-8618-89a0c36193c2___Com.G_TgS_FL 0038.JPG,23.7,59.9,2,Tomato__Target_Spot
02da8ab6-7510-4bf7-a0e3-457f14b6adad___Com.G_TgS_FL 1022.JPG,20.5,60.9,2,Tomato__Target_Spot
03002b91-afe3-4c72-86b8-31028913434e___Com.G_TgS_FL 0682.JPG,29.7,85.3,1,Tomato__Target_Spot
0352b802-bcae-4ced-b483-e9a14292fa3b___Com.G_TgS_FL 7872.JPG,33.6,80.4,3,Tomato__Target_Spot
03e19a2b-91f1-4404-a803-9a713c2ee618___Com.G_TgS_FL 9940.JPG,25.5,72.2,3,Tomato__Target_Spot
03e3b044-d81f-49ca-a4d3-c6f7173b55a9___Com.G_TgS_FL 9921.JPG,21.5,61.0,1,Tomato__Target_Spot
03ffc2bf-ec6a-43d4-b349-9fd4138467bc___Com.G_TgS_FL 0738.JPG,26.0,74.9,2,Tomato__Target_Spot
047144a4-3164-41d5-a4cd-6fba8b4bfdd5___Com.G_TgS_FL 0024.JPG,23.5,70.3,2,Tomato__Target_Spot
04877a47-d7e8-461d-b943-00099f3a2a95___Com.G_TgS_FL 0838.JPG,33.5,46.8,2,Tomato__Target_Spot
04889d08-6298-45d8-ab6c-0119fd1c2104___Com.G_TgS_FL 0778.JPG,34.1,70.6,3,Tomato__Target_Spot
04a27dd5-fdd0-40b7-aa5a-527e15f84a99___Com.G_TgS_FL 9679.JPG,24.6,65.6,2,Tomato__Target_Spot
0504591c-2413-4965-860d-fef95a241cc4___Com.G_TgS_FL 1032.JPG,27.9,76.2,2,Tomato__Target_Spot
05991e8b-e178-450f-8da9-d7c10bd2cda9___Com.G_TgS_FL 9731.JPG,23.6,70.2,3,Tomato__Target_Spot
05afadf4-12e7-478e-bb0c-334e2bf553f3___Com.G_TgS_FL 0744.JPG,28.2,42.7,2,Tomato__Target_Spot
05c5b778-ab92-43c8-a390-93826690fc2d___Com.G_TgS_FL 9746.JPG,25.2,40.3,2,Tomato__Target_Spot
05fa9fcd-ce4c-4c47-aabf-6d794ada4e1c___Com.G_TgS_FL 9802.JPG,34.0,41.6,3,Tomato__Target_Spot
066c4e6b-ec9d-4762-8cad-c0ba4ebd8b44___Com.G_TgS_FL 0825.JPG,34.7,56.4,2,Tomato__Target_Spot
068f872e-1b06-423a-8f37-40e75ac14b97___Com.G_TgS_FL 0879.JPG,25.5,75.6,2,Tomato__Target_Spot
06a52af1-8456-4d7f-98bc-d5ec26be7083___Com.G_TgS_FL 9923.JPG,20.9,71.7,1,Tomato__Target_Spot
06ddddf1-c107-4e34-9546-676f00f52254___Com.G_TgS_FL 8070.JPG,22.0,68.0,3,Tomato__Target_Spot
06deea79-68e2-4e28-b42d-0ef3a48b65fe___Com.G_TgS_FL 9819.JPG,33.3,61.0,2,Tomato__Target_Spot
0750d00e-3dcd-47cf-8c99-096b3d4cecda___Com.G_TgS_FL 9828.JPG,33.2,62.9,2,Tomato__Target_Spot
0825b4fc-d76b-446c-834e-78de8e72be38___Com.G_TgS_FL 1015.JPG,21.0,60.6,1,Tomato__Target_Spot
08342078-4bfb-4a33-a586-a564333a1b59___Com.G_TgS_FL 0986.JPG,22.2,55.9,2,Tomato__Target_Spot
08359d7b-28c1-44d0-a1d9-320839f30d41___Com.G_TgS_FL 0842.JPG,32.1,45.6,2,Tomato__Target_Spot
086c833c-f885-4b46-9417-a6a3406dadbe___Com.G_TgS_FL 7985.JPG,24.0,82.3,2,Tomato__Target_Spot
08b9a677-e59f-4f3b-a4ff-325d211abdd2___Com.G_TgS_FL 1126.JPG,28.4,87.6,2,Tomato__Target_Spot
093309e9-6802-4e67-9d9c-b944aff0f743___Com.G_TgS_FL 9732.JPG,29.2,87.4,1,Tomato__Target_Spot
096df0cf-7d61-4e67-8785-cba26db95895___Com.G_TgS_FL 9970.JPG,34.1,78.2,1,Tomato__Target_Spot
0982f241-41b3-4905-83b9-f8c6cf846688___Com.G_TgS_FL 0034.JPG,27.9,49.9,2,Tomato__Target_Spot
098d910d-90dd-45c4-9949-dd7b181aed32___Com.G_TgS_FL 0651.JPG,25.2,41.0,1,Tomato__Target_Spot
0a2de4c5-d688-4f9d-9107-ace1d281c307___Com.G_TgS_FL 7941.JPG,33.9,83.4,1,Tomato__Target_Spot
0a3b6099-c254-4bc3-8360-53a9f558a0c4___Com.G_TgS_FL 8259.JPG,29.3,80.4,1,Tomato__Target_Spot
0a458dfc-b513-44f2-a3ce-dab4c3adb939___Com.G_TgS_FL 8166.JPG,24.3,84.1,2,Tomato__Target_Spot
0a51617c-ecb5-42ce-9d34-300307be3465___Com.G_TgS_FL 0976.JPG,32.2,51.5,3,Tomato__Target_Spot
0a578317-a98b-4e26-b17b-cd2930330375___Com.G_TgS_FL 0785.JPG,32.6,80.6,1,Tomato__Target_Spot
000ec6ea-9063-4c33-8abe-d58ca8a88878___PSU_CG 2169.JPG,27.3,55.5,3,Tomato__Tomato_mosaic_virus
006e354b-c054-4b72-a83c-e3feb038942e___PSU_CG 2330.JPG,30.4,87.8,2,Tomato__Tomato_mosaic_virus
00c07a77-15e6-4815-92d4-8d1e1afb7f3c___PSU_CG 2052.JPG,27.1,83.9,1,Tomato__Tomato_mosaic_virus
01b32f27-2b9b-4961-805b-8066bf4d90f1___PSU_CG 2417.JPG,29.6,83.4,3,Tomato__Tomato_mosaic_virus
021accd9-bbb2-4777-8f94-93295e6de49e___PSU_CG 2075.JPG,25.2,63.0,2,Tomato__Tomato_mosaic_virus
02cb8c4e-4542-4020-bb46-025de54d97ae___PSU_CG 2098.JPG,28.6,41.4,2,Tomato__Tomato_mosaic_virus
03b6acc7-41a6-4670-b47c-bef6d4baea18___PSU_CG 2363.JPG,23.4,88.8,2,Tomato__Tomato_mosaic_virus
046a2559-23b4-4018-a3db-337347ceb391___PSU_CG 2321.JPG,25.0,49.8,1,Tomato__Tomato_mosaic_virus
05910684-8466-4472-b520-b6f90bfc0d01___PSU_CG 2076.JPG,23.4,89.0,3,Tomato__Tomato_mosaic_virus
05a31ee3-d097-4e32-a1fe-ef11f84ff374___PSU_CG 2149.JPG,25.0,50.3,3,Tomato__Tomato_mosaic_virus
08e45674-8d1e-4c3c-804a-663d9fef1ead___PSU_CG 2249.JPG,34.5,77.5,2,Tomato__Tomato_mosaic_virus
09910ece-e505-4e19-ae9b-0d9e2eaa2cb1___PSU_CG 2047.JPG,25.5,63.4,2,Tomato__Tomato_mosaic_virus
0a7cc59f-b2b0-4201-9c4a-d91eca5c03a3___PSU_CG 2230.JPG,27.9,76.3,2,Tomato__Tomato_mosaic_virus
0a91f50b-1263-4b2c-a8c1-f2a6025b82f3___PSU_CG 2136.JPG,23.2,85.7,3,Tomato__Tomato_mosaic_virus
0b5e2269-7b37-43ac-9a96-c62b9bba2383___PSU_CG 2243.JPG,32.1,83.3,3,Tomato__Tomato_mosaic_virus
0befa341-0db3-49f4-b4fc-beeb05854bff___PSU_CG 2338.JPG,25.2,65.2,1,Tomato__Tomato_mosaic_virus
0bf3eb4c-e2cd-4e72-8834-4fc045bd67ae___PSU_CG 2414.JPG,31.2,63.9,3,Tomato__Tomato_mosaic_virus
0c05f5bb-e38d-422f-8b1c-632d8c0d730c___PSU_CG 2133.JPG,29.1,60.3,1,Tomato__Tomato_mosaic_virus
0c676b36-7985-42e8-b550-83e2b1c55535___PSU_CG 2177.JPG,24.7,52.7,3,Tomato__Tomato_mosaic_virus
0c779116-043c-4715-b080-16be2e8d2552___PSU_CG 2285.JPG,32.2,86.2,2,Tomato__Tomato_mosaic_virus
0ce34f26-3bd6-420e-ba31-0373b465f267___PSU_CG 2099.JPG,26.4,43.3,1,Tomato__Tomato_mosaic_virus
0d9accf3-1285-4356-b69b-2ae132c5f145___PSU_CG 2337.JPG,25.7,85.9,2,Tomato__Tomato_mosaic_virus
0dae2780-43e7-40ac-ae45-95e5318c8f32___PSU_CG 2290.JPG,21.3,46.9,3,Tomato__Tomato_mosaic_virus
0e56889c-7e80-49f3-8da3-3a437244e8fd___PSU_CG 2140.JPG,24.2,48.0,1,Tomato__Tomato_mosaic_virus
0f47e5f6-7271-45c8-8364-e962dedd83c9___PSU_CG 2148.JPG,28.0,82.3,2,Tomato__Tomato_mosaic_virus
0fcf9c2a-5c8c-4f37-aa43-6fd41d5e5442___PSU_CG 2055.JPG,23.2,68.0,3,Tomato__Tomato_mosaic_virus
0fefaaee-79e4-45a6-8606-5a4ab1ea43a2___PSU_CG 2398.JPG,25.5,45.0,1,Tomato__Tomato_mosaic_virus
1170f108-86a3-4bc6-8a06-c82e55178f91___PSU_CG 2327.JPG,29.6,71.1,1,Tomato__Tomato_mosaic_virus
119554ae-c777-46da-abb7-591404fdc65f___PSU_CG 2393.JPG,32.5,85.2,1,Tomato__Tomato_mosaic_virus
124f2b6c-ba93-46dc-9662-04ec2b631a23___PSU_CG 2084.JPG,34.7,64.9,1,Tomato__Tomato_mosaic_virus
12f82f12-23f5-4edc-82d7-8bc3ee6f4848___PSU_CG 2373.JPG,30.1,78.1,1,Tomato__Tomato_mosaic_virus
1349c403-c930-42be-9bfd-39a099c66f4a___PSU_CG 2328.JPG,24.8,46.7,1,Tomato__Tomato_mosaic_virus
135dcfad-367c-483b-921b-5d24986c471c___PSU_CG 2221.JPG,28.4,79.5,2,Tomato__Tomato_mosaic_virus
14112644-0ec3-465b-af00-ac2286d8e15f___PSU_CG 2344.JPG,22.2,86.0,2,Tomato__Tomato_mosaic_virus
146eaf68-7f61-4717-ac81-2f8bb4533fec___PSU_CG 2406.JPG,24.6,83.5,2,Tomato__Tomato_mosaic_virus
14c21616-aa9e-4d85-8aff-bdf7f4cf3720___PSU_CG 2079.JPG,20.9,86.0,3,Tomato__Tomato_mosaic_virus
155b3b3a-2eab-4b55-aa3c-bb8d7b53b624___PSU_CG 2302.JPG,28.0,55.7,3,Tomato__Tomato_mosaic_virus
1588e951-b57d-47a2-8371-7be3a45fd2cc___PSU_CG 2121.JPG,26.1,80.8,3,Tomato__Tomato_mosaic_virus
15f1e22a-9c70-4060-a275-fac10c196341___PSU_CG 2118.JPG,23.7,43.5,3,Tomato__Tomato_mosaic_virus
169a7634-85a7-4096-85a3-4e75de98defe___PSU_CG 2226.JPG,27.6,51.7,1,Tomato__Tomato_mosaic_virus
16f91dc7-59a2-4cc3-b896-64e28bc60ced___PSU_CG 2108.JPG,20.8,55.9,2,Tomato__Tomato_mosaic_virus
176ff795-1f59-4248-8374-bf5a88187934___PSU_CG 2160.JPG,24.5,76.2,2,Tomato__Tomato_mosaic_virus
17964172-e35d-45c6-8273-ae73dfab0cb3___PSU_CG 2074.JPG,29.4,88.9,2,Tomato__Tomato_mosaic_virus
186fd47c-c1a7-4384-b619-dc3c0c0e9d4b___PSU_CG 2203.JPG,25.7,88.3,3,Tomato__Tomato_mosaic_virus
1ae794c7-287b-4a16-9cff-2fa11545eb00___PSU_CG 2102.JPG,27.7,48.0,2,Tomato__Tomato_mosaic_virus
1b9dc07a-40ab-45bc-a873-1ad4212e35a3___PSU_CG 2289.JPG,20.1,52.9,1,Tomato__Tomato_mosaic_virus
1ccfd473-6b3d-47a9-897b-0653d7683d75___PSU_CG 2163.JPG,24.3,89.8,2,Tomato__Tomato_mosaic_virus
1cee26b4-0ba1-4371-8c7e-c641e6ca311d___PSU_CG 2283.JPG,20.1,78.8,2,Tomato__Tomato_mosaic_virus
1d89d788-438c-4cee-9403-6fd8ac9863de___PSU_CG 2254.JPG,22.6,77.4,1,Tomato__Tomato_mosaic_virus
1f675039-385d-4438-b157-db0c95673580___PSU_CG 2100.JPG,25.8,41.2,3,Tomato__Tomato_mosaic_virus
00139ae8-d881-4edb-925f-46584b0bd68c___YLCV_NREC 2944.JPG,23.2,87.9,1,Tomato__Tomato_YellowLeaf__Curl_Virus
0036c89d-7743-4895-9fcf-b8d2c1fc8455___YLCV_NREC 0313.JPG,30.6,77.1,1,Tomato__Tomato_YellowLeaf__Curl_Virus
003bce78-28c9-4612-b148-f621e9a23bd4___YLCV_GCREC 5154.JPG,30.6,68.9,1,Tomato__Tomato_YellowLeaf__Curl_Virus
004273e3-e283-4ec6-b597-d0de1bfbc590___YLCV_GCREC 2434.JPG,34.3,44.3,3,Tomato__Tomato_YellowLeaf__Curl_Virus
00576ef6-6fa0-40d2-b365-87850597bafd___UF.GRC_YLCV_Lab 01999.JPG,26.0,72.6,1,Tomato__Tomato_YellowLeaf__Curl_Virus
0068fe04-aa0c-4d92-8af0-f05c9d8db6eb___UF.GRC_YLCV_Lab 01755.JPG,20.9,43.7,2,Tomato__Tomato_YellowLeaf__Curl_Virus
006c18c6-2486-412b-8113-956819390392___YLCV_NREC 2629.JPG,34.3,72.7,2,Tomato__Tomato_YellowLeaf__Curl_Virus
009dd1f5-281a-4e54-9f80-a068d0d8cfcd___YLCV_NREC 2162.JPG,20.9,82.5,1,Tomato__Tomato_YellowLeaf__Curl_Virus
00a538f3-8421-43ab-9e6f-758d36180dd3___YLCV_NREC 2667.JPG,28.6,47.1,2,Tomato__Tomato_YellowLeaf__Curl_Virus
00b41556-fe22-41fb-93aa-76b0c45d923a___UF.GRC_YLCV_Lab 02644.JPG,25.0,51.6,1,Tomato__Tomato_YellowLeaf__Curl_Virus
00b814ee-cfa9-489a-bed3-c1f927bef05a___YLCV_NREC 0220.JPG,24.0,54.7,3,Tomato__Tomato_YellowLeaf__Curl_Virus
00c16232-5beb-41a1-9a05-b18a02f10ca1___YLCV_NREC 2536.JPG,32.6,63.4,3,Tomato__Tomato_YellowLeaf__Curl_Virus
00e8f0db-abfd-4991-b51f-b87ab7e24612___YLCV_GCREC 2519.JPG,34.8,46.5,2,Tomato__Tomato_YellowLeaf__Curl_Virus
0112d4b1-6cf3-4a5b-a87c-792eef80637a___YLCV_NREC 2744.JPG,34.2,45.1,3,Tomato__Tomato_YellowLeaf__Curl_Virus
011e0c03-244b-4a90-b087-dececd2828fa___YLCV_NREC 2785.JPG,23.3,50.4,1,Tomato__Tomato_YellowLeaf__Curl_Virus
0120b8af-1482-4af9-85d1-a2bfe24c6985___UF.GRC_YLCV_Lab 02748.JPG,26.9,46.2,1,Tomato__Tomato_YellowLeaf__Curl_Virus
012ee431-b6ec-4dd5-8646-008bd2f554fe___YLCV_NREC 0064.JPG,21.7,82.5,1,Tomato__Tomato_YellowLeaf__Curl_Virus
013864a9-fc42-4357-8bfe-0d638ce2fc7f___YLCV_GCREC 2023.JPG,32.9,76.5,1,Tomato__Tomato_YellowLeaf__Curl_Virus
014d1604-dbbb-4b24-b167-37ec77cccfc6___UF.GRC_YLCV_Lab 01441.JPG,28.6,72.4,1,Tomato__Tomato_YellowLeaf__Curl_Virus
01512b8e-6589-41ce-82f1-e16a24da38e7___YLCV_GCREC 2099.JPG,22.1,69.8,2,Tomato__Tomato_YellowLeaf__Curl_Virus
015f38c2-b5c3-47da-8130-87c810f2516c___YLCV_GCREC 2372.JPG,31.8,67.1,2,Tomato__Tomato_YellowLeaf__Curl_Virus
016bbee4-7b9d-40c8-a802-2bbf00f3bb27___YLCV_NREC 2290.JPG,28.0,44.5,3,Tomato__Tomato_YellowLeaf__Curl_Virus
01717e9f-ac1b-4d16-8c9d-4ad09e95d832___YLCV_NREC 2463.JPG,32.1,54.5,1,Tomato__Tomato_YellowLeaf__Curl_Virus
0172fce9-ee7c-4bb8-9a46-7fc0050438b5___UF.GRC_YLCV_Lab 03161.JPG,26.8,49.9,3,Tomato__Tomato_YellowLeaf__Curl_Virus
018c1311-3ebf-48ce-8e31-f663e1b418a2___UF.GRC_YLCV_Lab 02979.JPG,30.6,87.3,1,Tomato__Tomato_YellowLeaf__Curl_Virus
018c6768-6da7-4aa8-8285-52290d8bffab___UF.GRC_YLCV_Lab 02344.JPG,27.6,65.4,3,Tomato__Tomato_YellowLeaf__Curl_Virus
01933767-8827-4a46-b089-76b1d8397eb6___YLCV_GCREC 2539.JPG,32.2,54.8,3,Tomato__Tomato_YellowLeaf__Curl_Virus
01ab67dd-f4cf-4141-87fc-24056902abf4___YLCV_GCREC 5148.JPG,27.5,85.8,3,Tomato__Tomato_YellowLeaf__Curl_Virus
01cc37b3-ab08-44bc-be70-7f14b610f011___UF.GRC_YLCV_Lab 09617.JPG,22.4,59.2,3,Tomato__Tomato_YellowLeaf__Curl_Virus
01ce3a43-e874-4317-b4fe-dea4402cb7ce___UF.GRC_YLCV_Lab 09572.JPG,34.6,61.5,1,Tomato__Tomato_YellowLeaf__Curl_Virus
01eb1927-e742-449d-97ea-5b83bbfe5b11___UF.GRC_YLCV_Lab 02751.JPG,28.5,72.9,1,Tomato__Tomato_YellowLeaf__Curl_Virus
01f7eeb8-19c7-4c7b-9789-00538abf46fe___UF.GRC_YLCV_Lab 09492.JPG,28.2,59.2,2,Tomato__Tomato_YellowLeaf__Curl_Virus
01fa2c83-fffb-4aad-a456-e991aeb93f3e___UF.GRC_YLCV_Lab 02154.JPG,28.5,46.7,3,Tomato__Tomato_YellowLeaf__Curl_Virus
0202eabf-19ef-4656-8ede-5d0e96906304___YLCV_GCREC 2604.JPG,22.7,57.3,3,Tomato__Tomato_YellowLeaf__Curl_Virus
020ff520-4b65-4f52-89b3-fe6ca90e0601___UF.GRC_YLCV_Lab 02220.JPG,32.5,57.7,1,Tomato__Tomato_YellowLeaf__Curl_Virus
021c4cd6-30ea-465e-9396-515520ead6b2___YLCV_GCREC 2422.JPG,20.4,52.5,2,Tomato__Tomato_YellowLeaf__Curl_Virus
0223bec0-2d13-42aa-b653-3aa3ee502b85___YLCV_GCREC 2507.JPG,29.7,61.7,2,Tomato__Tomato_YellowLeaf__Curl_Virus
0250b409-8a29-4a32-a4f3-1b4ae8920e34___YLCV_NREC 2884.JPG,22.3,72.8,2,Tomato__Tomato_YellowLeaf__Curl_Virus
0273f811-11bf-4fc3-b8b1-fe33ac4b3692___UF.GRC_YLCV_Lab 03226.JPG,33.9,47.5,2,Tomato__Tomato_YellowLeaf__Curl_Virus
029bc326-4217-4f91-840f-1f006ef59753___YLCV_GCREC 2326.JPG,20.3,89.6,2,Tomato__Tomato_YellowLeaf__Curl_Virus
029fb65e-a006-4a5d-8ee1-9f848e1f0eef___UF.GRC_YLCV_Lab 03243.JPG,23.5,42.2,2,Tomato__Tomato_YellowLeaf__Curl_Virus
02a03cfc-cf18-404d-9831-e772baa11ceb___YLCV_NREC 2797.JPG,29.2,74.6,1,Tomato__Tomato_YellowLeaf__Curl_Virus
02aabe96-31be-42a5-a825-261d854e15be___YLCV_GCREC 2894.JPG,21.9,80.7,3,Tomato__Tomato_YellowLeaf__Curl_Virus
02affd71-1fe6-48f7-bef4-3d5a59ec7814___UF.GRC_YLCV_Lab 01517.JPG,21.5,56.5,3,Tomato__Tomato_YellowLeaf__Curl_Virus
02b8b54b-bcb2-4da9-8af3-14ca4c4223d0___YLCV_GCREC 5126.JPG,28.6,77.5,2,Tomato__Tomato_YellowLeaf__Curl_Virus
02c14371-a83a-4214-bbc2-31b1143c165b___YLCV_GCREC 2164.JPG,25.7,76.0,2,Tomato__Tomato_YellowLeaf__Curl_Virus
02cb40d6-550a-42fb-99ce-247e4406a322___UF.GRC_YLCV_Lab 02991.JPG,23.0,49.7,2,Tomato__Tomato_YellowLeaf__Curl_Virus
02cee277-e491-468a-8ffc-f64227d33b4c___YLCV_GCREC 2197.JPG,20.2,72.1,3,Tomato__Tomato_YellowLeaf__Curl_Virus
02d5be6b-eafd-4063-9ba5-4a01901bce82___UF.GRC_YLCV_Lab 03004.JPG,29.1,57.6,1,Tomato__Tomato_YellowLeaf__Curl_Virus
02dc4f14-66a1-4db1-8367-96413b7187d5___YLCV_GCREC 2151.JPG,22.6,68.4,3,Tomato__Tomato_YellowLeaf__Curl_Virus
